title,link,pub_date,content
China canceling Lunar New Year festivities is a massive deal - CNN,https://news.google.com/rss/articles/CBMie0FVX3lxTE9KOURsVEc2aUhkcTNRV0RlQnZ6cU5tSWxTT2FoVUEzbktCOGNfQXBGX29ZTmtxZ0tud1RfYk1wT3ZtY01jc2lhWkNOWmFJMWNiM2xmamY1ZUhZR0VMTmZ2aUE4bjBlNUJXVkFoMkMxUFpNRW43aEtYd3ZhMA?oc=5,"Fri, 24 Jan 2020 08:00:00 GMT",[No article text found]
Fashion’s Chinese New Year quandary: Can rats ever be luxury? - CNN,https://news.google.com/rss/articles/CBMiekFVX3lxTE5YUUxDZnNOWEtwN2NqbXdXalJ2LVAwZWxOVUNuNmtjMzk3cTFhei1HNmV2SFVCUUFuQVUzQ1pVem15MmFNbWhsbGhvN0d2WDhPbkFWTUhWbG5FbnNHNFd1YlJ1UG1uRkl0c3BNbEx3dlA1WjgtTTNndkVR?oc=5,"Thu, 23 Jan 2020 08:00:00 GMT",[No article text found]
"Lunar New Year candy boxes, decoded - CNN",https://news.google.com/rss/articles/CBMia0FVX3lxTFA0TVBMdmVva1N5aF8xeEF5U0t4MjZVUUxZYWJwSTVnTHRFMFlsMFJGRDR2Wmt4NFM5NElIb2JfZ0E5TjdHMDdvNHJVbjJTa1lNYnU5X3pidHBJRHlpdkhRMWhsY18xM3kyQlBJ?oc=5,"Sun, 19 Dec 2021 13:39:13 GMT",[No article text found]
Wuhan coronavirus virus spreads as China scraps New Year celebrations - CNN,https://news.google.com/rss/articles/CBMiekFVX3lxTE03UTBxWkpybGI3OTJ0V2hiX2d1N09JRHNWenUxVHhGZEdPVWo1ZVExMjVQVmNLMmc0ZU9BZ0U1ekVoVURnNGN4ZG5vZzJ5ZlZXQjNJX3Bldzg5eU1VUFZfczBWVEhRZms5cVh2TkJHbkR3VDhKc3hTdVB3?oc=5,"Thu, 23 Jan 2020 08:00:00 GMT",[No article text found]
China is trying to stop the spread of a deadly new virus at the worst possible time of year - CNN,https://news.google.com/rss/articles/CBMijgFBVV95cUxQSFJ6enZOcm9fT25Yd0JUTW5VQndWN3ZZOXZlRlFaSjROTndSaXpBRDBadm4xZk1KZFhKa3V2VXJJcWt5QnhHTy03eDE2eW9JR3JmdHU2dEwwMGR1MXh6Q19jY0VxTDlieVhlTHR0cWUwS1A0QWgxa0Z5cV95ekNnOWZhOGpzTUczQndEcDl3?oc=5,"Tue, 21 Jan 2020 08:00:00 GMT",[No article text found]
This was supposed to be a billion-dollar week for China’s box office. Then the coronavirus hit - CNN,https://news.google.com/rss/articles/CBMid0FVX3lxTE1sMXVEZUNUNmpqSlJ1X1dhcVE5ZXVNcldZRGZIcDE0ZFFuU1RsVnFQTTFtYWpwOXFuUkhhdkZ0cEFsOXc3ZnMtX3MxcnJnS3hDZUpzblJ4SnJZeE9UM1ZuZFJjaUMyeXRvTkVNZy0xOHZUUEJDRXdv?oc=5,"Wed, 29 Jan 2020 08:00:00 GMT",[No article text found]
Year of the Rat: See what’s in store for 2020 - CNN,https://news.google.com/rss/articles/CBMifkFVX3lxTE85WHFHUzhJS1c1OVZybENpMUtRdnhndmNtWC1qQVh6anFZNmtDaWdFbWhmaF9JYmw4bmJwdEN5WjJlYUI1ckVmaEFSa3VTdG1TUkZmczB6elFwemdqc0l5cVMxbG1RUkFxcU9Cd1FtOXNxOE1sNW8wd2RLWGh0QQ?oc=5,"Mon, 27 Jan 2020 08:00:00 GMT",[No article text found]
The global car industry is bracing for a huge shock from China - CNN,https://news.google.com/rss/articles/CBMiekFVX3lxTE1LWkh1eGNfellQNnMySE04a3dXVDNPNkM2ejYwR2Z0OWowNFhwVUR0QzlHSGROY2RkZUk2NmN0Q0RqbFZFeThyT2xRWXZSelJVX0RnQUl6ZWd0NTlETWZRSEVBRVNtNVdkdkZTM1RTQ2VZaEF1VjMyN0p3?oc=5,"Thu, 06 Feb 2020 08:00:00 GMT",[No article text found]
CNN 10 - CNN,https://news.google.com/rss/articles/CBMiX0FVX3lxTE9xQnB3SW14QVd3Z3JFRnp2MkUwTksyelNHTzdrenlPbnVJM1c1ZWZDWDZzRDQ3UDYtaUt6RTlRX0FDdTN6aFUtbGtvWERrWEdhM3ptdW1FZVZNTnJSU0Zn?oc=5,"Thu, 23 Jan 2020 08:00:00 GMT",[No article text found]
"Outcasts in their own country, the people of Wuhan are the unwanted faces of China’s coronavirus outbreak - CNN",https://news.google.com/rss/articles/CBMigwFBVV95cUxNc2JSYlp5Q3NBb2dyVk8tdzJMSFZoN3hodWNZTWZWM3p5LWFuSTVVR2duZHVTZGxzaUhZRUxZalFLSFhEVDRBU1RYNHhQT2hVVEphM1JQMGR4bGNRdjVvcGh1emJZM19mLU1UVjBhcVA5X1pzbzY0UXBUX1U4MDhxYks4aw?oc=5,"Sun, 02 Feb 2020 08:00:00 GMT",[No article text found]
Life inside the ground zero of Wuhan coronavirus outbreak - CNN,https://news.google.com/rss/articles/CBMib0FVX3lxTFA0V202cG96X2dfckFJQWM1dlJ2bERvZlY4OWNwSlVIbHlHSl9VYlpDR1FBaWw1ekJvelNPZlc3emNSRWZKRnFGMUZWTWU1UjdLLTVpaW1VN2l3TlUxOGEzb3RTNDUwUFBuaTlrX2l4RQ?oc=5,"Wed, 22 Jan 2020 08:00:00 GMT",[No article text found]
A Snow Moon will light up the sky this weekend - CNN,https://news.google.com/rss/articles/CBMifkFVX3lxTE5ydkpsVTBaUXRTaVNKcWMtdG9YcGNlWW5jNUM4Rk1XLTQ2aFpYeHR4UjFPSzh5MGdJN3VmREs5bWJweHQyX2xNV1RkLTdKc1FVVEFPX3FXU19OSnVabHJKcWNGNUFTV1dTVEpMLTF3RkotNldHcldoSi1Ba2JfUdIBdEFVX3lxTE1nUEQ3ZVhLYWQzZ3dqS2VNNC1ONlYxRlhCV2VtQ2lVWFlOcjdvVjgxVTNySjc3ZE9MNVZjZnhSTDRLMGdfVWppYU1KdnlLRm9WTEFrajNkWkp4cjAzcW1WYmI4d0JaN2RER1c5OWZFMmE1U1VC?oc=5,"Wed, 05 Feb 2020 08:00:00 GMT",[No article text found]
China confirms new coronavirus can spread between humans - CNN,https://news.google.com/rss/articles/CBMid0FVX3lxTE1ycXkwNW1HYVBPZmdsOHF1NTlTVEc4WWZTeHB0bWhBdy1pQkE5YnpVdnA1S2pBY0o2ay1nVVJRUXRnSjF6Vk9ZZVdGRjJjaWhKOWh5dHdVYTFTal96RTVrbTBOZ3RxbksyMnMzb3JJUWtQU3VtTHhB?oc=5,"Sun, 19 Jan 2020 08:00:00 GMT",[No article text found]
In photos: Virus outbreak locks down Chinese cities - CNN,https://news.google.com/rss/articles/CBMikgFBVV95cUxQbTlLMGlRN3g0RmZWZlpqa05LU09KWFp0bUxIbTk2bjc0UmlrNTF1aF9FUkJKZnNKMTV4X1NJT2lhalFCbFZqajRwZ0VQLXdYTkdnN19FTS1BT0NYcEFzYzNpbnNIRzNGOWV0MzBNUVhUQUJMSHRWSFVlNjg0Y3Q0NmhNbk1xWWtiak1Ea1kxTjA2UQ?oc=5,"Thu, 30 Jan 2020 08:00:00 GMT",[No article text found]
A visual guide to the Wuhan coronavirus - CNN,https://news.google.com/rss/articles/CBMifEFVX3lxTE5OcmVHWmZIMGlzdHVSVVgzQnRleTBUc3pFRkF5VFZpUzc1cHBNcFQ5c3R5TXFyLXpGRmVVdTNYWW5rbVA3VVRwVHVRRnVDZGlpdEZmdHpmSXdBamt5TWx5TE5rRXBSdXVkWGdtaXZpQWtrOE5CS2ZGR3JDQno?oc=5,"Wed, 22 Jan 2020 08:00:00 GMT",[No article text found]
Destinations empty as Chinese tourists vanish - CNN,https://news.google.com/rss/articles/CBMidkFVX3lxTE1rX01GZ3RXcVJYUHJYSlRYUXM4NjM3OEo5dHo1RThUeXlKUTM2NXlCRnllUTdWc0RZTF9JT0wxbzZVOTY2eU5zNURmblBweFdZNDhRN0NkUTZFUmU0azhxQkQ0ZTZpOENXdF9VYmp6ai1fVTBuaWc?oc=5,"Mon, 03 Feb 2020 08:00:00 GMT",[No article text found]
"China’s new SARS-like virus has spread to Japan, but we still know very little about it - CNN",https://news.google.com/rss/articles/CBMidEFVX3lxTE1oeFZkU3g1RUp5T1NyODIwMkVoMlRVbXhhdDVKNmNyelJfYlpuS054dDBqMzFkZlFFWFVhZDFwR1d1c29jcENkYnYwbUEta19yQUdaQThOQnBwYjRyNFRUQWozR2E0ZTFmOXUtRHVlM29VTDRP?oc=5,"Thu, 16 Jan 2020 08:00:00 GMT",[No article text found]
US citizen trapped at the epicenter of the coronavirus outbreak says she’s angry and scared - CNN,https://news.google.com/rss/articles/CBMib0FVX3lxTFBZTmNyT21zRGZvWFBvVnF6dzFMd2Y5NnNIRG1YQlNJcWVDWFZIQ09ZVndqczh2YmVmZm9QSERVT3l6eTFQX0E4TjBOS1dvRGFEWWwyR2lMWTZ5ajAtSWNpYnROZ1E1M1MxQjNIZkVHWQ?oc=5,"Sun, 26 Jan 2020 08:00:00 GMT",[No article text found]
A second person has died from a new SARS-like virus in China - CNN,https://news.google.com/rss/articles/CBMigwFBVV95cUxQX0d1c1lNWnpRNi1Ha3Z1NUxVNjREbGc3RG5ubWhkV3FidlVBSGNVUHV0TnE2cnRyM1M0N0dkMTVENHlwd0dNZGJTOURKUWNjU0hIeUF6S2NwZWtkSXpNM2tlUGxQaFF4VUI4TjhFSzlPdzJtdUZXbjV1bGN1eXlBRHNqQQ?oc=5,"Fri, 17 Jan 2020 08:00:00 GMT",[No article text found]
Cases of Wuhan coronavirus continue to rise rapidly as US bans travel from China - CNN,https://news.google.com/rss/articles/CBMieEFVX3lxTE9jVTZGYXdENmEtQmNHWW1QZnVuSTB3LTNMZGdmLUw3NFpFZlVTT3dNdEprNmU0MFNsNkZMZDZyQXFGeFBkbmRxWVF3Q2Y3Rm1vNWI0VkF0ZWlIMnZoTFpzcklzV19XM0w4TXlSR2xIM3pIRG9ySDdERA?oc=5,"Sat, 01 Feb 2020 08:00:00 GMT",[No article text found]
McDonald’s closes restaurants in five Chinese cities because of the coronavirus - CNN,https://news.google.com/rss/articles/CBMiekFVX3lxTE5ZQ2p2d05MNkhLWmJZS3ZzLWcxTUlKRktrUzc0cHNGbGVpaGxOQTRiQUxzQ2lwbUFxUEYyeHJjWHNwSnA3TzRIbEhVRHVqQWFFN1lBdkhCZ3hSRE9oYmxFMXU0b0R0U1ZCRTVfRmtfa0RnN0pLemk2eldR?oc=5,"Fri, 24 Jan 2020 08:00:00 GMT",[No article text found]
These Wuhan drivers are risking their lives to get medics to coronavirus patients - CNN,https://news.google.com/rss/articles/CBMifkFVX3lxTE5IcjlUSTY5SWNQU0lOWjJBVXdqSGJPVEU1REpaZkU1VXc1cGl2cGk0UFRKWTVPUXVEaTI3d01qbkZ5Rk5TckdrTHV2Vi1WWmdJVXVXTGlGR0pVMFhKaktSSG81aV9jSWo4ZW1YOF9yYk9JYWtWM1dPcW9CN29qZw?oc=5,"Fri, 07 Feb 2020 08:00:00 GMT",[No article text found]
"This Chinese doctor tried to save lives, but was silenced. Now he has coronavirus - CNN",https://news.google.com/rss/articles/CBMiigFBVV95cUxPZTE4eVVwb3ZQcFpsVXpsS3YzQWtoT3BDY01aZFcwTUhRblJGUlZMNVpnbmM0OFUyNGZzTURkaUF3UGR1UW5WRjgtRk9Bak8zQmd3RWh1Nkd2eDlCdW1YLTg1OUhMZXdXbTBrR3dmeC1Pb0RvVTlpenZCNTFKeVJDS0V0YjhsZzg2M3c?oc=5,"Tue, 04 Feb 2020 08:00:00 GMT",[No article text found]
Wuhan: Inside the Chinese city at the center of the coronavirus outbreak - CNN,https://news.google.com/rss/articles/CBMiYkFVX3lxTE5LREdxN0MwSzM5SUFTbWNwTkxxZ0xmUDMwWnBvWFFYUmwyOWcwd0o2VjFvdG9TZXNIV3U3MUp6M2thQUJ5OXdldTNIT0RmMzNqaTlwcl9RN1BFejh5a0I2b1B3?oc=5,"Thu, 23 Jan 2020 08:00:00 GMT",[No article text found]
Wuhan coronavirus: Thousands of cases confirmed as China goes into emergency mode - CNN,https://news.google.com/rss/articles/CBMieEFVX3lxTFA0RUd2S0phRFgxRFk4TjZ0UVlyOE04UDE0ZEt1TVhWV2JiSnpPc29CRlJDaE9wTWxfSWh3eTZqbFh5U1psVXFUanJ1d01mamI4VnhJcXgzU0VobFpOaUgxdE9hUFI1bDhWU2lrR3hodHhtNlZ0OVNBUw?oc=5,"Mon, 27 Jan 2020 08:00:00 GMT",[No article text found]
Lessons from China’s deadly SARS outbreak - CNN,https://news.google.com/rss/articles/CBMidkFVX3lxTFBLUl9EaW1fOWJiYmFMMC1xamlDMnJRWGd1MVBvX0Itekc1VEVNempVMkhlTXgxMDdIZGtrSkE2c3dPbjRrUk8xNF9leXY1TGhQUVN4cVZ6NXdPbHh1a0NITGxJcmR6dk9LXzBHYnI4Zi1KOVVPbFE?oc=5,"Fri, 24 Jan 2020 08:00:00 GMT",[No article text found]
"As the coronavirus spreads, fear is fueling racism and xenophobia - CNN",https://news.google.com/rss/articles/CBMif0FVX3lxTFBEYnBNN0dDQVBXWTdhODF3QzdWRkloVzQtbjZ1LUFyc0k5Vmc1YWZjMS13ZVJOcEwteDh4anN6UVVLWWw4cTVuRFBGNWVGOXJWY0tRVFhacVJpWFNwM1ZKQTc3RXFWQy1vb25KSXRjaWRvY182OHdWRTlNNXVPeDg?oc=5,"Fri, 31 Jan 2020 08:00:00 GMT",[No article text found]
Coronavirus fears reawaken SARS nightmare in Hong Kong - CNN,https://news.google.com/rss/articles/CBMiwgFBVV95cUxQMWlHbzVmVkZieDZUX1R2MVozZUFpVXE1OHlsOFFYWU14OVFVTmYzbzFWaWNqNU5weWdqQndzdjYtUEJKX1pnMG1lNWhhZHp3Y2hBZEotQUdoWGIyZVJZRUh4SjMyaUlQcjQwcmFyTzFZcE1nUWpDNHc5QlRJTkF0UEE1dGF5RVVDcV95eHY5M1JwQWJNUWZUR2RDLURjaTkzS2VqRS0zSnlSUXBJWExkVGpsWGZUVTlwZ2dpSFRjcFdfUQ?oc=5,"Fri, 31 Jan 2020 08:00:00 GMT",[No article text found]
Global shipping has been hit by the coronavirus. Now goods are getting stranded - CNN,https://news.google.com/rss/articles/CBMidkFVX3lxTE9Hc284c1RXc25haE11ZV9GZUdsYkdtZnEwNVVONDlBbVhBTy1oZjRTMkVWRERJQm1xZ1VSOTBKRjFiRlFmQ1k2YjhyaWNSRVhhUklvYWJQa3A5Q3BFT3FwaFdDanl2WmY2VGxacHA4ckxXT2VqUnc?oc=5,"Wed, 05 Feb 2020 08:00:00 GMT",[No article text found]
Wuhan outbreak leaves China’s gambling mecca a ghost town - CNN,https://news.google.com/rss/articles/CBMie0FVX3lxTFB2V0syblJtLXJESTg2X1lFSkRybVdoV25QM0x6bFJYSGpUd1Fma3FLQ0s4TVIzYkMxcmJxQ2hzWmRLS3RnY2d4dFdxQW5uRE5YX2ZVeV92eEJhX202M3BYaGhjMnJ4ZzVEcVBURzFqX3ZkRFN1OVlLSUZVSQ?oc=5,"Tue, 04 Feb 2020 08:00:00 GMT",[No article text found]
Disney could take a $280 million hit from its Chinese parks because of the coronavirus and protests - CNN,https://news.google.com/rss/articles/CBMiiwFBVV95cUxPYWN1WjZHemR6R1pseG9ZR0NZd0pUZHdkOUJVdXU3X3JmYjdSNFJlQWRQckVvTzNlY1E5c1FuaUwwakFzb0NUdWk3aVV6cVZYYVJZNEFwM1M3d25CX0w3S0VwQUVvNTZBWk9fM0lJaUZVWGpUZE5HbFRTQ09iUGMxUWpwSUtycWxuMFpR?oc=5,"Wed, 05 Feb 2020 08:00:00 GMT",[No article text found]
How Wuhan residents are trying to live their lives under lockdown - CNN,https://news.google.com/rss/articles/CBMidkFVX3lxTE9hQW1CUXBtc3lSVllLUkxtNnBmTU1rdl9iNTJ3VVpfT2VySkVPVzZaY3dpM0VUUnNMdVZlNTg3Q1k4b3pQaS1yWXEtc0VSVUhDblpTVVRKLU9mTmpWcWE3M1gyNjhWLVN5a2VUYkhheXNLT3UyS2c?oc=5,"Thu, 30 Jan 2020 08:00:00 GMT",[No article text found]
Anxiety and empty shelves after weeks of coronavirus lockdown in China’s Wuhan - CNN,https://news.google.com/rss/articles/CBMiggFBVV95cUxNV3l5VTh2b1hJQ3ZFTTk3Qi13MkFleFBqX0R5X1pzd2RhNnlOOEpMYnRzTXFDSldlXzhpc2MxZUVzSnhiazlqdzlycm0yOG5Eb3pZZFRLYW5VNlRkNS0xN2NENjhINlloVHNGV3RER2daNHhzLUhZdXk4RGpYam5qdmN3?oc=5,"Sat, 08 Feb 2020 08:00:00 GMT",[No article text found]
"Wuhan coronavirus death toll rises, as city imposes transport lockdown - CNN",https://news.google.com/rss/articles/CBMigAFBVV95cUxPSnp6LUVQd2x3eTZRNk4yQTZUWU1zYzNDSVVFUll4eVo0cVNfZWo5VWlXVzBRMmdJSXRQLWFMeWFpdTVlWXd4cUh0ZGIwU3lxc3lKNm9rY1dwVW5mdUt3SmxYMXdUSDFQaDctV1k2d3hCQkZHVzF2NzlnazRwazZkdw?oc=5,"Wed, 22 Jan 2020 08:00:00 GMT",[No article text found]
Kim Jong Un’s aunt spotted for first time since husband’s execution - CNN,https://news.google.com/rss/articles/CBMifEFVX3lxTE9HUXFsekhhRVFkTGVONTBLT3RJbFRHSmQ2b2pzQTZsSy1ESm5ubjFDSTNuLS1salUyVnFYcFkxZU1SQ04tN1gwVXNsNDFzcy1aV1pZUUk0Q21PNFgtR0h4Y0hJQzdScXNMdUdIUXpVN2lpT2lUSVE4c29lRkU?oc=5,"Mon, 27 Jan 2020 08:00:00 GMT",[No article text found]
Ikea shuts down all mainland China stores over coronavirus - CNN,https://news.google.com/rss/articles/CBMib0FVX3lxTE8yTUh2ZlNCZVU5cDF4UTFJNksxN3pQU2VNNkRSRU9QblIydHJpeEFtRmZLRGNjd0pjUWhDUU5QUXRHM2h3ZE1VQi1Vb1lJV0c2V3JSOE1PMkRoMUpMRHNKSm83TTJuM1dTLUJuWlREMA?oc=5,"Thu, 30 Jan 2020 08:00:00 GMT",[No article text found]
The memory of SARS looms over the Wuhan virus. Here’s how the outbreaks compare - CNN,https://news.google.com/rss/articles/CBMigwFBVV95cUxQZ0l0cUhGZ3haekplbGp2SXc3WTRZTGkxWV9aX3A1QVJzVnFSalB4SVlPZ3RQMEVwb05sQk5XcFZwR09SVHBhR0hHYVhuc2pCUWh3dG03WURnajZVUEtPUmlzUm40cHNWWXowTklVcm0waUJWd09YeERfS25iSW5IUHQ2dw?oc=5,"Wed, 29 Jan 2020 08:00:00 GMT",[No article text found]
CDC advisers concerned about lack of basic information about new Wuhan coronavirus - CNN,https://news.google.com/rss/articles/CBMid0FVX3lxTE5uTlAtRWhHamQwUll0VWxwZEo2RjVLUGtFRkhtakY0ZHltUWlRU2U2NFhzVTFiYUYtekozOGFDRGhfbzZ6YXE2T3dKS2tMeEphei1LSVpWZld2a3BrOXd6dFhWQmZoaFFQRm9yTWVhT1FFRlJKV2dF?oc=5,"Thu, 23 Jan 2020 08:00:00 GMT",[No article text found]
Toyota won’t reopen China plants for at least another week as coronavirus shows little sign of slowing down - CNN,https://news.google.com/rss/articles/CBMidEFVX3lxTE80b3NHTnFOT3h3cEVWNC1WN3FqQ0NOVjZyX1p4cG53U0lPQ29hTXVDX3dLQUsxTWRpZ3N6UVJ4cHJGYkpFNzBna3IyZ3gzWjJ0MklNRGVCSXlOSmpQcy1vRjVIckZtYUYxM1c1S01iMWFobFVU?oc=5,"Fri, 07 Feb 2020 08:00:00 GMT",[No article text found]
"Wuhan coronavirus: Whistleblower doctor dies as confirmed cases top 30,000 - CNN",https://news.google.com/rss/articles/CBMieEFVX3lxTE5STU94NU9XS0FHS250aEVuLUx1amZaSWpfb0pmZlhVSmpLbkNiMS1rQlZKS2hSd254eXNFWkJHR2VnTGpVR1NyNzNXUUhzUjFNNG81cGlEbTAyZF9UZHBweHFBZjFKSVBJMGFIUC1iVzg5MklCQnJYSQ?oc=5,"Fri, 07 Feb 2020 08:00:00 GMT",[No article text found]
Chinese fans mourn Kobe Bryant’s helicopter crash death - CNN,https://news.google.com/rss/articles/CBMid0FVX3lxTFBSbFY0UlNKX3BKd2NXYS0wMDY2a2F4YjUtQlc0b09LMFVteXBsWGp1b2RnalZibEt1a2dHb3RzcVpaeWowWmdLUnNxajdNWW96VDBPZS0tMDhON0FMWE5CbWtQZ3dJS2ZXelZCa0RUN2VkakpITzZV?oc=5,"Mon, 27 Jan 2020 08:00:00 GMT",[No article text found]
"Asian markets are higher, but the coronavirus still looms over businesses - CNN",https://news.google.com/rss/articles/CBMibEFVX3lxTE5KeU1Xb3JjM3R4NElXOW9nN3ltOFBTcDJTNVlkb0ZvLUozc0xuLXRWYnphUFFoT3FGejNVcmViMTIzcExDNVNHcWNhb1d5RXdHQV9pd0Y4X1l6b0ZOb0xTcTUtMEpFTXlsTkJzYw?oc=5,"Wed, 05 Feb 2020 08:00:00 GMT",[No article text found]
Tesla’s stock falls in a dramatic stumble from its all-time high - CNN,https://news.google.com/rss/articles/CBMiaEFVX3lxTE92dlpUUE1COWl0LWlfTnBKZGhuUXp6bmt4X1ppOVNreUhKUFVtZnRhaFlRd0pTSXpOUmFvclBtT0JDdEFmV01pc1VuaWVkYlIxeXNBZjdCS1ZQQmhQTWtkREEzRTZBOTlI?oc=5,"Wed, 05 Feb 2020 08:00:00 GMT",[No article text found]
Art Basel Hong Kong fair faces calls to cancel amid coronavirus fears - CNN,https://news.google.com/rss/articles/CBMic0FVX3lxTE5CcEJ3VjR2bnRWeG9oZmM5VENqakw3dmo4Z01qaGY5RzRIMFo2UDdEVVlncjFuYmJrUmIzSkFMYW5JdERCRjh3a3loQ3NISmhxMjYwY0laRlByS3hmTGxicTdnNzlORERTdDkzOG0yZWZrOW8?oc=5,"Fri, 31 Jan 2020 08:00:00 GMT",[No article text found]
Coronavirus fears lead to worldwide mask shortages - CNN,https://news.google.com/rss/articles/CBMic0FVX3lxTE1CTmtNc2ZlQWk1Wk90b09JclNyTEFxbzlWcjNYQXpOU0NVeVpHcEZ1c3FULUVUQTltRjcwU2ZHOXBRREFXTkJXTGdkOVZXb3U0UktfZUFxaC1NNHR4b0U4THRsNkxycXRhZVVCZVVnRS11ZkE?oc=5,"Fri, 07 Feb 2020 08:00:00 GMT",[No article text found]
CNN Site Map (Articles) for undefined - 2020 - CNN,https://news.google.com/rss/articles/CBMiV0FVX3lxTE5BLU9rYTduT0d4NDlMQVJIbm9tOUZoV1h3RE4xUGFJU203VjJST09JWTlDaGV5Mm1iWTNpQ0lTeHRIYXF0U2EyaDNXZGlwTUtpQm9tVkowVQ?oc=5,"Fri, 16 Apr 2021 04:18:22 GMT",[No article text found]
Remember when Cher’s outfit stole the show at the Oscars? - CNN,https://news.google.com/rss/articles/CBMinwFBVV95cUxOZDdHbHRHZTVqYk5tSTEtYUY5bGRjR2dqYXRWMWFvMGdPcTJKd1NubURrUHBRTS05QzRfNFpCWklUQWNyUkF3YnNJYXZXenRid1NpejFYbFdRS0M4dzVkRE9XVzUxT3V6ZDJsXzRZUmZlOG52RFJObkM2Y05uS21OUW5LZVlQYkpkcFBJc1VJZW5pN0E4MG5Fd1RaRWFoWmM?oc=5,"Thu, 06 Feb 2020 08:00:00 GMT",[No article text found]
These men are trying to break the world record for the largest firework - CNN,https://news.google.com/rss/articles/CBMid0FVX3lxTE5RWG1qZFZwTFhEUHB0NTE5czY4dHRvRmFxdG8wNnp6Rkt3dXppMGpzOU9Kdzgzcm01WWN4aFdvb3dlc2RsVEIzS2NmSUZ5MGZyT0Z5TUllX3MwN3daYlYyTmVJQ3cxQ293WlFuVGw0NVBUVlBqdk9v?oc=5,"Fri, 07 Feb 2020 08:00:00 GMT",[No article text found]
"There’s been a run of surgical masks in the US because of the coronavirus scare. You don’t need them, physicians say - CNN",https://news.google.com/rss/articles/CBMif0FVX3lxTE1NMU5ET3ZzVnpHc0dRZjJvOUMzOGZnZ0hZdkhZdlRkbmlBSkVLMEp6Y0Y0MUIzWVZ6bFdiQXF5U3R6aVVxTlVRWGhlZ0tYT1YyWEl4cUZnWFNuMzAxRzFkVTBKREJ2VnN5OE1kYjl6aWxRY3lIeVRjMlUtR2lhSUU?oc=5,"Tue, 28 Jan 2020 08:00:00 GMT",[No article text found]
Jennifer Lopez’s golden year? - CNN,https://news.google.com/rss/articles/CBMibEFVX3lxTE5nSTNNQ0IxZm5Lc0hBMzVjVmFVcnlnUDItUmg2YXZFYzB3SXVvRzFUS2RhcDhoTUl3NXUwRmtoTEZkY2JsU0FqSW5ZcFB1WmtaX3VfUEUzN0cyaU80VXhRQWlfX21tWWpGSTFkRA?oc=5,"Fri, 31 Jan 2020 08:00:00 GMT",[No article text found]
Video game company urges players to avoid Plague Inc. game for information on coronavirus - CNN,https://news.google.com/rss/articles/CBMidkFVX3lxTE9xa3RoczYyRnRGT0d4ekFlOHl1aHF1WEw0cVlJdVhuMnlzWVN1YnZ4bUEyVW55VnFybEd0ZUtMODJtMWNMZHhtSmxWZzQwcXBxSXlsMmdmSVZubDdFdHg1M3l1dE9CeFZ6QXd6MnlDS2NvSWwzX2c?oc=5,"Sun, 26 Jan 2020 08:00:00 GMT",[No article text found]
Artist uses 99 phones to trick Google into traffic jam alert - CNN,https://news.google.com/rss/articles/CBMijgFBVV95cUxOTVZGNXJERmxxdkhlWk1YUUYwRGNFV3V4bFNjWW1BWk1PdVhUQ2NsVmxpaGxsM2ZLQXhXUXVOVko1S3hnanFpMC1HRE9XUXZ2S1g4aXBnb2tGUDdwS2wxZlZGSjJwRDNUU2dJeXJjWmpiam1JbXVQS2E4c3lfS3BCeTFjRk1TUDZiVmJDUmJn?oc=5,"Tue, 04 Feb 2020 08:00:00 GMT",[No article text found]
CNN10 - 1/31/20 - CNN,https://news.google.com/rss/articles/CBMiZ0FVX3lxTFBabnp5eG5BQWg5OFVVSXVpZlJ3VXBjWmgtR3FEeENNU3labU9KdlJRYWlyNWh4ZGlWTU1QMnBtT0ladTQxYTZXdFdHem5OSDNwbjZUNVlHZG9OQWlIdEJwVDdQTjRaRk0?oc=5,"Thu, 30 Jan 2020 08:00:00 GMT",[No article text found]
Remember when Marilyn Monroe’s white cocktail dress made movie history? - CNN,https://news.google.com/rss/articles/CBMigwFBVV95cUxPaDVIQXVYVWVWLWRoTHFzWktuRk9SU3JnX2x1a2ZIdFMzYlpheWpwUUpJR3lPc1VVQ0EyS2RZN1hBZjM2MjJEVmdKc3J1dXd2ZXBZdDQ3U0lNbHlYaWZRdFpfZ1lrT3dscnptR2RvTUhidnpQSmlGVnRrVlBWWldFcEhPcw?oc=5,"Wed, 15 Jan 2020 08:00:00 GMT",[No article text found]
Can wearing the same tux to every award show put a dent in fashion’s carbon footprint? - CNN,https://news.google.com/rss/articles/CBMihgFBVV95cUxOZXlScHozYUNpZDJDMU4wNkFxRFQweFVfT3ZaeE1fYlhucm9rbVd3R25ubWtTMWpNaUFFVFItbXhmUzBoV1NjZWpFUU9YRlhweklxNW9BdjhNUTRxT1FFN0RmLWxnQUdka0FmZzhpLVgyYjFzS2Y3bk82Ni1fQnMzazRydkNidw?oc=5,"Sun, 12 Jan 2020 08:00:00 GMT",[No article text found]
Tigers spent lives in cages. See first moments of new life. - CNN,https://news.google.com/rss/articles/CBMi0AFBVV95cUxQc3lPT3kwaWo0SHdwQ3BwNVNlRC1XMUFMX1YwanY3cEVSOUVRQ0J6V1NTZG5ZNGY3RXBqSWEtRldjRURjWkxpX29memRrRURQRVFic3hOOEZPVThlcVVZYmJWTUQ5aC01Unk2bHZmdE1NekVjX3hMU085cjA1Rkw5TUdwTjEwRkFURXJsUVVCTmVMTy1CNFZGZm5kdnFwaHBPM0t0a0wyQVNyRDZzdjZaRC1FTmxDMG53MFJtR0tRUGJUZnJJVGtmU0NBYkgtZ1N3?oc=5,"Wed, 22 Jan 2020 08:00:00 GMT",[No article text found]
"Jean Paul Gaultier bows out with final, spectacular runway show - CNN",https://news.google.com/rss/articles/CBMiekFVX3lxTFBJb1BQN3VIbzBPU2tIUG1WSHdMMU1tMkhhSUFpbUYwOS1jY1JhOFJLcHJxbFZkZ3B6TU9rQ1d1ajJoVnBKdkZQOFBVOGlzbUdGMnNNQzZlalY1eElxRWwxdVpaTjJuSDRUVGxEVjN1dXkxRmJwV3k3aGtR?oc=5,"Thu, 23 Jan 2020 08:00:00 GMT",[No article text found]
"Clinton doubles down on Sanders criticism, warns that he’s promising ‘the moon’ - CNN",https://news.google.com/rss/articles/CBMiiAFBVV95cUxOeTRBazQ1bVdJeFMwNWVCWWxLa3Zkb1VDRk15ZEdkb3l2S1A0SmY4NUk1SXNKX1VrQkU0TTlPbV9mVDBBOVF5ZTNRZzZ5dTlrdmo2TzdXeUhZem9HV0g4Zzc0eTNKeTc2dUhZWnlTcEJSS0M0Y012N1FfVERXSktqTUZiTWdLdUVq?oc=5,"Thu, 06 Feb 2020 08:00:00 GMT",[No article text found]
First of Wuhan’s two new hospitals for coronavirus patients completed - CNN,https://news.google.com/rss/articles/CBMiygFBVV95cUxONXZ0VGM3N3dOSkZ5VU5OejhQbWE1RFdtWGpFZ2d6b25EZ2pqZ0RzQ3ZtUTNLV0J5dlQ2cXZLOFJmdENrcWEzcFl0OHdCWWVzeGxFUTFYXzQ2d3JUaE9xWlBTT29wbHJnZXJ1V3RkUk9IZklaRGJmWWZwb05jNElKU2wwVFhTb09GdXVURWZvTkQ1TUk5TVhyYnh6R2N2NUFxamtrZ3VYTnVTcWZJdXpKVXdtOU95aS1NdHhLQk5TUTNjRzNxRlFNcTdR?oc=5,"Fri, 31 Jan 2020 08:00:00 GMT",[No article text found]
Everything you need to know about haute couture - CNN,https://news.google.com/rss/articles/CBMiakFVX3lxTE12TjY4cFlmVEV4UHAyUEJzTEJfb0d4MkN0YXNoWWgzb1dyLXJzQVBWVzV1NkZmNGw4RU1rQUNhR0NmTkRLdGVsLWUwOFY0RFNBSmxCbEdHTlo2OVo3SWVjX1V2VEotYnNMeVE?oc=5,"Fri, 07 Feb 2020 08:00:00 GMT",[No article text found]
"‘Mona Lisa’ made up of 330 Rubik’s cubes could sell for $166,000 at auction - CNN",https://news.google.com/rss/articles/CBMic0FVX3lxTFBrWGdSYlpJRlJrTUxGaV9xTWpFRWtCZTRacm9CV0VqOC1RSEk3ZTNUTlkwT1BtN0NCSGMxSWRlVFBmOGdXd0M5UVM4QTNlNWRWSUZvYno2VS11amFZdlptTmt5dFFscVBHQ2FWVDBDWEFvc2s?oc=5,"Tue, 04 Feb 2020 08:00:00 GMT",[No article text found]
Remember when Cher wore a towering feather headdress at the 1986 Oscars? - CNN,https://news.google.com/rss/articles/CBMiZ0FVX3lxTE8xZlpNYk1CLVMtVmpPR1gydXpxODVCMmFkMnhJSml3VEtOekdBeGdnekdnbVRTb2tncWlMcXFDZEFyOG1uZ0JPNFpHV2ZsaW11bExmV0R4dmstcHdrSHVSUFFXUGE2R28?oc=5,"Thu, 06 Feb 2020 08:00:00 GMT",[No article text found]
Sustainable travel in beautiful Bhutan - CNN,https://news.google.com/rss/articles/CBMidEFVX3lxTE9zUkxhOFZwRXptS2NWNDVMREFiby1qemJKM1pXbjAwd09maUROVTNKVTFxWHVla2JrWlFXVDlaYTlQTmV4X1N6ZEgwa3lvdVpkN3kxQk8zb1kyblJhczQ5Y1ZsZVEwRVp6dV9vb1ozV0JuR2Yw?oc=5,"Tue, 28 Jan 2020 08:00:00 GMT",[No article text found]
Tom Ford takes his New York Fashion Week show to LA for Oscars weekend - CNN,https://news.google.com/rss/articles/CBMiiAFBVV95cUxPVHZrQmNrbERlSElUWDZKaEkwdnFFOUl1Vjd6MFlCeWR0NEdRd2d6ZXd0NE4yYTUxeERSV3BjUzFOZ1NvUHl0X2tYb0U4UGY2eDBsdGFCOXZJSGJ1VWJwWEcyazd6Q1g3MU5nYkVzaXBNblFHRVEwZFZPdkw5Y0NqSzVoQmJMeEVo?oc=5,"Sat, 08 Feb 2020 08:00:00 GMT",[No article text found]
Rare coin featuring abdicated King Edward VIII sells for record $1.3 million - CNN,https://news.google.com/rss/articles/CBMic0FVX3lxTE5MRDhSb3h6OHY5amUwMmFXU2NFWnV4LWdPSVotQTdXT1ZpLVJuU28tenFvYmMyQWpXV1NxSlhHWmczM2YwbGZOT01qaE84N2NOdEJfdTRER2xXZmZmNFRORGRTUzBaNGF3dGFSTlo4VXZsRjQ?oc=5,"Fri, 17 Jan 2020 08:00:00 GMT",[No article text found]
North Korea says US ‘deceived’ Pyongyang on nuclear talks after Trump sends Kim birthday letter - CNN,https://news.google.com/rss/articles/CBMieEFVX3lxTE1xc3NqYXZ5SS15RVppRXYyRHdrLWhrX0gwWmU2aFRXX1JIX1F6SUdSRHAwa0ZvTGZUeGhpaVNGdXVEaDlpTUV1OVR6emhfbzNjSjVxRTZhZi1jN0MwcjFBU2lrcW56V3lpZHg2d21PSUJnSGQxbjFOMw?oc=5,"Sat, 11 Jan 2020 08:00:00 GMT",[No article text found]
Nike’s controversial shoe will be commercially available this year - CNN,https://news.google.com/rss/articles/CBMifEFVX3lxTE84cnBiUDhmZzZkWER6NGxFYXYteExsTnZiYmg5dHQ5a2lIcDJIUXA5cGt4cTZyS3YyQ3JtdGZwUHF3enVjSWVINHdSeGx0SUhXN3owMzVPMjVMZGh1VlFfZ2VWY21aeDlTQi1fVmpuZnhGTnVtTUNlOEpkTVU?oc=5,"Thu, 06 Feb 2020 08:00:00 GMT",[No article text found]
Why the world is closer than ever to Doomsday (opinion) - CNN,https://news.google.com/rss/articles/CBMilAFBVV95cUxQWmUtamdPMmt3VVBIc3NMTTIzWmF3a3E5Um1rd0VrbUVpOWNpaVZQUEdSWl9iZXk2UDk5VFFxdTZlRHlYNUVUY29HemozY29EVjlWUk5idkItWWkyQjROajBwcHBfdlNWZHZHcjROOWo0b0FwalhGQk4wU1lPNXcxZDEzZ0NoeGdZb3lzWkNtRWcwTkwy?oc=5,"Fri, 24 Jan 2020 08:00:00 GMT",[No article text found]
"Cats, shoes, Kardashians – how fashion embraced the meme - CNN",https://news.google.com/rss/articles/CBMiW0FVX3lxTE1fd2dyUjUybTYtYzdsTFdFOWRyNTMzbHoxcXY4WFYwSWVPaExISk85c0cyYS1Idy1WTjBzaHNidnR2YXNsOTlMdFRyYXV3LVhQbGxEVy1DWTYxWGc?oc=5,"Wed, 05 Feb 2020 08:00:00 GMT",[No article text found]
‘I’d Rather Go Naked’ campaign ends after 30 years - CNN,https://news.google.com/rss/articles/CBMib0FVX3lxTE1oZEozRDFJTFJmN1lrbnl0eVJhSjAtamI1WENRckZkbDhGdlF4VmprUmQxQ1g4Zl95a0hudEVHY0N4SFpOaHpzUU1wc0FyWGFPWnYwSUQ4aGxZZHpFNFRKYjU5QUNXdHJVNF9MUXg0MA?oc=5,"Wed, 05 Feb 2020 08:00:00 GMT",[No article text found]
NFL linebacker Luke Kuechly retires at 28 - CNN,https://news.google.com/rss/articles/CBMimwFBVV95cUxQZ3ptYWlfRlNSd1RreENXUUF4OThYVTc5LUNVWk10NUYwcDJkVGpTRl9SMHFwQ2dvVHFkMk1fc1FGQVJnY2xiZFMtWUFEMmJhUGVPN0h2X21Bd0gzRWdBRTE2a1RleUN2cC13N1hRZnJMZThCZG9CeWFDb0FBOHVQQmtPRTVDWklvMGEwbzZSeFh6dGJqWmROYjN5RQ?oc=5,"Tue, 14 Jan 2020 08:00:00 GMT",[No article text found]
A look inside the stadium hosting Super Bowl LIV - CNN,https://news.google.com/rss/articles/CBMilgFBVV95cUxPM3hOVVpnd2YyTFg4aDJXT25kNGV5WndqQnhxNTlkUXBCR3hQZzVMWm1JXzEzQlVPU055VXplNzVrQXJ0NmRtZ2I2ZUZzVnNaWm1jaVFRR0N3eW9zUWVPSU4tLUV2Tjc2MFJhWE9QYXZuUkVLSlprYzlRUFJTN3U4VE1BaFY4cGl3d0NLamFvekZUQTNHN3c?oc=5,"Sat, 25 Jan 2020 08:00:00 GMT",[No article text found]
"Billie Eilish upends fashion convention with singular, striking style - CNN",https://news.google.com/rss/articles/CBMiZkFVX3lxTE1ISl9pa1RNMHAxaFRxWGRQUXR2OU94QW56OTVISnJQaWhZREJOY2xvdDgzd1h3aWYyYkE4bUhjZXNVZVhDUXlCVXA4RXY1TmUtNHNxdWMtTTNUMm5lWmlwU1ltNzZvQQ?oc=5,"Fri, 07 Feb 2020 08:00:00 GMT",[No article text found]
Could Democrats have a lock on the 2020 race? - CNN,https://news.google.com/rss/articles/CBMikwFBVV95cUxNWUJTdlU2aTduTXhDSVNRUkF6WTlpZWRUVlBMNHZ0NlcyUVhuaVBKWklQeHUtdmRpMGNvQ01QTllTel93Zk9KdG15Wk85ZFhyOVFMMWplZmxZRXJsaXBtZS1XcVptMHR6QTJySXE0b0VxaTdBQlItWGdiallGdk5QX01PbUl3VHlhTGFDc21vZ0hrRnc?oc=5,"Sat, 08 Feb 2020 08:00:00 GMT",[No article text found]
"Boy tells Downey Jr. ""Iron Man"" mask helped him speak - CNN",https://news.google.com/rss/articles/CBMiswFBVV95cUxQZDFqSTRmUklaVkV5M3JyVzhpMUVGRXhFZERYSUJnd3dhaFYwMnJ6eHBGTkJibTZPZkM3aUM5ZmFtbkFORFBDeGhDTl9OdmpoXzk5UVo5ZFFQdWZkX0pVNmxweHN5cFdMNWVuTGJsRFFERnIzUFdnOTNaYmZpdDgyaGZfZThIMzlTZnRpWS1iemZ0RVBNbjVpVlhrVV90RUcwcFhSYktQU0ZVc2stMmJfdFlwWQ?oc=5,"Wed, 15 Jan 2020 08:00:00 GMT",[No article text found]
Annotated: Trump’s 2020 State of the Union address - CNN,https://news.google.com/rss/articles/CBMifEFVX3lxTE45NDVDM1ZMbURVUkhrbXlEODNmNjYtZ3dMZ0tSbTdIOVU2LU4yc29CWTBDaTdPbEJlbkw5WkdkeE1vaDhaSkFBS1R2ZmVIY3BoalJvR2JuTzg3YkZYT3BOTHZvSUNTSV9tRzhPWV9iQmJqVUlvVXlweXNSLUo?oc=5,"Tue, 04 Feb 2020 08:00:00 GMT",[No article text found]
New video shows helicopter carrying Kobe Bryant moments before crash - CNN,https://news.google.com/rss/articles/CBMiggFBVV95cUxNSTdaNG5rUGZkU25XQU1vZVBhMEh6LVkzMHZLQnNaWWp5VlV2WlBWSnU1b3F5X0lLa01raVpZVEo4cDlNc2w0M0t3YUNZdEFYNmFNYXBFQk1rRzQyd05PemswRko1dHEtQWZFb1RZZ2QyQ1NYeExJM3hqd0hNejVJMXdR?oc=5,"Wed, 29 Jan 2020 08:00:00 GMT",[No article text found]
See the Joe Biden selfie moment that's going viral - CNN,https://news.google.com/rss/articles/CBMisgFBVV95cUxPRm81dDU1aW0wckhxajNKQ1FmV2VnLUhOejRRcW9KZGJDbUI4dGFkR29uUnB3MDVNTk56RklKbjBJZ1ZQTlN0SEQtVXVGWFJfcjRMUUo4eFlMQTBTNU42cmYxZnBvNmNfc0lLcmFraUp5UTF2SHQ0SVhKMERhR1FfTGREVFBPcV91RWFIY3R4d2JwdndGMTE2a3FXMHBsSlN2RDBtRFc0cXZndVBsdVpUbnp3?oc=5,"Mon, 20 Jan 2020 08:00:00 GMT",[No article text found]
A cold Neptune and two super-Earths are among newly found exoplanets around nearby stars - CNN,https://news.google.com/rss/articles/CBMiiAFBVV95cUxNWFRhRXEwaFNPSzY5d19ONHVncDVpb21xelRfNVJ6RnEtM0NuNHNPc0dIYkh1U2FONmZoejZjNDdIOVZRRWxaMDAwVk5sRkZ5ZVhzcXFNRVRGYUZKY1VrU21oYnA1SVBBZldtdjc4TGdvOHQyUzJLQ2FjYi1CU0NGZzhpR0pUU2NW?oc=5,"Tue, 14 Jan 2020 08:00:00 GMT",[No article text found]
Lawmaker wants state to sell Trump vanity license plates - CNN,https://news.google.com/rss/articles/CBMipgFBVV95cUxPN3hoUmZ2M0pxTThpcFdKeHhWdVRQblJKZ3NTOWlOUVVjd2FfLWt6WTJKYmFUbmo2TW1RNmZSSHVaam9LMHdNV3lIOFBHRVJRaDdpR084cE1zWmdMRzVtM1R1XzBXSWNzRURldHRCd1BLcDYzTm5Nd0JteUFyNTEwRFNDQkpDRjN1QTRRSEotLXJ6WGpLelJ2NjRkNUdvdnVPbERXeFRn?oc=5,"Fri, 17 Jan 2020 08:00:00 GMT",[No article text found]
"The 2020 Super Bowl halftime show, in photos - CNN",https://news.google.com/rss/articles/CBMijAFBVV95cUxOSG9yMHI2SjlwRS1XaEViM1N5bldFMDhURVoxaU01R0l6d1pmNG8yRlZJMDN2LTBCMkRyeXZLS0dtMXZ6b3d5YUtNMjZZTjVZSU1qcFVRaWxnbzExb3N2elpVNW9OX0M4ck9XYW5hOEMxQ2NvaUFRRnhqbVRBUmJmek11NDFJNWNkaG8xUA?oc=5,"Mon, 03 Feb 2020 08:00:00 GMT",[No article text found]
Eliud Kipchoge’s record-breaking Nike shoes under scrutiny - CNN,https://news.google.com/rss/articles/CBMihgFBVV95cUxPUDJ3cDFXMmN3TUpVcTc3eno0M1g0T1AwcURsc3dYUlVGVWJSdGtWOWRPRklzcVB5REZKdmgyeWt3SGdHbnpmczZVT0JEM3VlQ216bzRwRWZNRnNYbmlObUQ2VEFIQ0FpTE9ncVgyTmw4VTRzSGl5UDNZTlJCbmJwLUJJczloUQ?oc=5,"Fri, 17 Jan 2020 08:00:00 GMT",[No article text found]
Weinstein lawyer gives controversial answer on avoiding sexual assault - CNN,https://news.google.com/rss/articles/CBMiqAFBVV95cUxNUVRLTTBJMUhJS3FhMmM4bzBISDJxeUI1QWZ6YmFvSjN2bHBrMzFWX0wxajM5TVpUMkUwVmU0eUNYMm9YTURjWC1STDZBNDVhdWtnYVpJTHVBa1pjYVJmTkVyem5HSFloYl9qa0FtMVZFQkFEcFNvOW50V3ZnY21vWldleV9aNnpqMWloU0hLeV9jVDFDMDBIT3hXVnhiaGZ0Nkk0SXUwRzg?oc=5,"Fri, 07 Feb 2020 08:00:00 GMT",[No article text found]
Dangerous storm sets its sights on northeast - CNN,https://news.google.com/rss/articles/CBMi3gFBVV95cUxOdmtKd0RzZlFBdEJuRHNjWFREMjM1ZldNQWtzOTVSMmpZYW5DWXhEUHQwYmw3cXM3UWNJWUdGbzlGTmdzRElBTFlLZ3J5R2M3MGtLWDd0M04wZG5JYmo0eVFwWloxUXhDZTkzOUMtSkdVaTBLX05xRDZrdzNTMzZoTmdhSk84VFVTcXdzcXFfSi1adlhURnhPcUItVUpOUGVuemFpVGQtbF8zMDM4aHI5dGdrX083OHJ5Z1ZRRkU3bnVKdXZIcW1vbTI0cG84OEZIWkJ2ZTdkTmJPeUIwSGc?oc=5,"Fri, 07 Feb 2020 08:00:00 GMT",[No article text found]
Lenne chai photography singapore wedding - CNN,https://news.google.com/rss/articles/CBMif0FVX3lxTE5pTTBOUXpsZ3FFajFGRk5NYTdxSnJKc21DRWxmUzZqZ2xWT1NXeF9JbGdycHdQVGVScDZaTVgtRDgxYTlVU19oNFRYN29KWFgycFZEWk1mMUJrZmZ2dkZFTU9lSWRUdFZVS2lmN2drNmlVMDhFZWgwbXFSRG9PZzg?oc=5,"Wed, 22 Jan 2020 08:00:00 GMT",[No article text found]
Will the future be grown from mushrooms? - CNN,https://news.google.com/rss/articles/CBMihwFBVV95cUxPV0FjXy1XMFBJQmNzNGVYV1QybnlvR08wMC03NW5kUThRRnNWTl9lTzdMTmhacUVrVFBFR0lRTnpVQ2VlNmJScHJGdTdGLTczdEZWT0t5Y1lnTDZGSm9vWEJ1ZTRERXJyRmF1MnB5cGludTk5eDZ4eVNCX3Q2eTdEM0lrWW5HeWM?oc=5,"Wed, 05 Feb 2020 08:00:00 GMT",[No article text found]
Man who killed the McStay family sentenced to death - CNN,https://news.google.com/rss/articles/CBMickFVX3lxTE40bmZJRDVEdERVdHlQQ3BmdkZHVkllMkg4V1k4ZDV5MVI2RVVVZWZXUGVnMmNYSVN4TnFMVlFDSzBlUGRnQ0pyMk0wQmNmX1BBQTJhcVFDWkNZRlI1RW1lc09sTWFwX25XcTQzempCU1Aydw?oc=5,"Wed, 22 Jan 2020 08:00:00 GMT",[No article text found]
Cheetah that lives in zoo finds comfort with support dog - CNN,https://news.google.com/rss/articles/CBMiggFBVV95cUxNTXZvOVBqbzFaaEtRVDhMM0JXXzlIS2E5bDJsUFhpRjNWOHVHQjhaa1VvaFhadDdqaktCS2M2dVowU3BUNExDUWtQVFg2a1EtNjZDYzRmN1V3LURBVmg4OTdoZnlvaHJNWVd6S2VNdWY3Tm5UR204QUV0alV6SXgwT253?oc=5,"Tue, 04 Feb 2020 08:00:00 GMT",[No article text found]
New feathered dinosaur species discovered - CNN,https://news.google.com/rss/articles/CBMioAFBVV95cUxPMDc5N1g4NmNmZ3JZLW1qR2ZmMkluV01FeXFvc0g2NThvS1Z5Nkg3eGplYzV1T1Q0NEFrV3d4bHBsWTFhaUt0MkVyRVBaWTg1OTN1WXhSVXZqQWpDMjVNVG8xdkhoQ2FVdmlqSkFuX3dTSHVoOXdqeHRaQmdSU3JFWklodk1IbHhYSnZrVDBsNTZoaVlnZ3hpVXNDVEJnZ2xG?oc=5,"Tue, 21 Jan 2020 08:00:00 GMT",[No article text found]
"The supergiant Betelgeuse star will explode. It’s just a matter of when, astronomers say - CNN",https://news.google.com/rss/articles/CBMieEFVX3lxTFBsOXd3YkpvSS1ybXhUcExXOEtwd0hZUHNtUFNkeFprOVVYZlJHYTYwVHF5bDg4VjBCaThkaWYwRzFRdE9EZndrWXV0MUNzaDlWbmZjOW8zczktUjlaZGtaQ3ZlcDVzRjdkNGM2c2V1elpvcG1KenJVYQ?oc=5,"Sat, 25 Jan 2020 08:00:00 GMT",[No article text found]
From record warmth to bitter cold - CNN,https://news.google.com/rss/articles/CBMilwFBVV95cUxQQjdMcmdNdVpyalktRXpyX2piUV91S1dmZkk4dmEtaHJtNUt3WU5VVzJtUi1sYm1nWjMwc21fVV92RGxkQldKSmpSajVBYWlGWFg5RGJOa293N21UZnBrcWtKMTBHRnptUFVPNWxqOFI2czB4T09ONXFibTUxU0xoeHBCa202S1JLSEpvcGFsSjdkelUweFh3?oc=5,"Mon, 03 Feb 2020 08:00:00 GMT",[No article text found]
See Dershowitz's big flip on impeachment - CNN,https://news.google.com/rss/articles/CBMiqgFBVV95cUxOU3pzbHRhdWQyT0dNdzRmNkhqUWtnb3NmS3lQWFhPNkViWlk2Vl9YdXVrRXFKZUd4aFJHTzNraEpKaGpnMW1TWlpJSThRcXFlakhaVTNXb3R6SWhLSGtlMVlaVzJKbExsaGJ5SGR1V01VM2o4dTBEaVphQ2Vma0o0MFE1aGNvdnhRSXNYeUk4WFFwYVFkNHZVLWxNcUNwbGRnQmhzZ3pPdHZHZw?oc=5,"Mon, 20 Jan 2020 08:00:00 GMT",[No article text found]
Cooper presses Dershowitz over changing impeachment view - CNN,https://news.google.com/rss/articles/CBMisAFBVV95cUxNdy0wSVh1bVpaVGMxR0t4THFUdUZ0aHJ1MHNMZzFfUDduYW1namQtdERhODJBOFJrNEVCUndqOGs5TjExU0hOMzZDa0U1cDBiRHRWUGVKdXB5SjV4T3piclVlRms1V29BcjZPYTNJNXUyZDJlS0I2QWRUSU1jWXNZbllSYmZJcWkwSzZEaks3VTRBSnY0RmY2QmRRUWdtVTdDRDRfXzBYUExkRUNCTjAwUQ?oc=5,"Tue, 21 Jan 2020 08:00:00 GMT",[No article text found]
Americans evacuated from China amid coronavirus outbreak to be monitored for days - CNN,https://news.google.com/rss/articles/CBMifkFVX3lxTE8zdUF6WGxTMmk2M1Q0TzVhOGZPbTI5UmJjYVFaeXpOcUx1dnB2YktYelYzcWsyQ0NrY3lhQmhETmJGQjgzT1NYT2tJbkNFSl9YZVVJMlRFTUpxSFhUXzhwbDY1THhDbmY2M25mSWlGaGFIc3lPSVVrcWs5X19BZw?oc=5,"Thu, 30 Jan 2020 08:00:00 GMT",[No article text found]
The oldest material on Earth has been found in a meteorite - CNN,https://news.google.com/rss/articles/CBMifEFVX3lxTE9NM3NycjU2UkRXQmhQbEZjSVNSeFBTTThzckxFU2t3NUtSQm5OU1R2S3loRUd6R3VNYlNiYzctdVduNVlMOEVsM3lJdzcwbVNQc21OaWhJcjJBTW42WWFxQmtpbDk0aFl4R3MtU0ZSU1ktR3NJUmFzOVprTlQ?oc=5,"Mon, 13 Jan 2020 08:00:00 GMT",[No article text found]
Spain’s new laws to curb ‘booze tourism’ - CNN,https://news.google.com/rss/articles/CBMic0FVX3lxTE1zNXpvWVpBVVAtQVJpSzY5SkliYUczNXl0azJMTHN5V2s1MDRIWG5aVTBYcWd4QVVwd0ZsSWlhLS1pNXZCNHBQelFoMzJZbFRld09mbEdNN0Y5T2NPTVp1aEFDQlJybVBwZGhmd3JFMXVGc1U?oc=5,"Mon, 20 Jan 2020 08:00:00 GMT",[No article text found]
Watch Tulsi Gabbard win push-up contest at town hall - CNN,https://news.google.com/rss/articles/CBMipAFBVV95cUxNRjZ2V0NFSzBFdHdiRjdPRUE2UW9uZTJMTXdkME4yb2NGWjQ2R1pIdVQ0N08xUW0zc3Nzay14VVBUVEhTeUJrMHdKR2lLQ29mRHppX1NLSDZENEM1MDBFQy05aVVCNEdXN0c3bWp6N1FrVzA1TnM5bWNKZDAxZ1BiRGd2dlBMY0MzNkMtUWdEaHRUUXZmMXJGeVU3Y01MQ1BIY3RyMQ?oc=5,"Fri, 17 Jan 2020 08:00:00 GMT",[No article text found]
Trump cheered at college title football game - CNN,https://news.google.com/rss/articles/CBMiowFBVV95cUxPTGhaWG1JQkdKX3lYa001NlRiZDluVmRKXzExNjJYOWFaY3FKRjRBdzl0RXMyQnRUa01Sbkl4Q25neWRDUGtZc000UUpNd0lHN1VTbzJXSkJBcnRfdFVmQXhXUm55LWg1aFVxcmFtYVZFbFF0UjJiYkNzMTV5bEs4bm9Wc0NNWEtoVUQ5U3pjaWdESERuWkQ0YVhIMVFzd3R0aEVN?oc=5,"Tue, 14 Jan 2020 08:00:00 GMT",[No article text found]
New book portrays Trump as 'dangerously uninformed' - CNN,https://news.google.com/rss/articles/CBMiogFBVV95cUxOTWNiTlhldzJ4QXlwdVBkTlU5WGIybVFYWXNsU05ydHJxVVBZN1A0YUE4N3BBNTNRcVFMd0hPZGdxWGUyTTlKdFFRNXFmcHFYN09JSXMtR1JuOUxybGZha1JxLUgyZThMX1VoTzJtcmRDcHpvTWVjTlN5b3pNWnNlRkt2Vk9Ma3FPUlgtckR6ek41TC1MblJlUjEzSUVNVlpPLVE?oc=5,"Sun, 19 Jan 2020 08:00:00 GMT",[No article text found]
‘The little telescope that could’ has retired. It changed how we see the universe - CNN,https://news.google.com/rss/articles/CBMijAFBVV95cUxQMWNJenNvRFNuWmhUNlQwcTdQOFRqb2xxUTAyTFJoekdFX3R5eXV2cDRyaXUxYWNDejdwdVY0MGp6cE56bVVoeTl3SmstN3BHc1RjSmtkLUZmVEs2RG5ObXFLSDBLN2tXeHJiYjltU2thenlYcUhfalhzSko5NVJSaFBtem9CdFVVTTRfRg?oc=5,"Fri, 31 Jan 2020 08:00:00 GMT",[No article text found]
