id,platform,date,title,like_count,comment_count,reach,keywords
1,instagram,2025-07-13,"𝐀𝐉夫夫在 Instagram: ""初二🧨回娘家🚗
但我們要回去上班啦💂‍♂️🛫
AJ夫夫㊗️大家「蛇影流金🐍💰」
#2025 #AJ夫夫 #初二 #回娘家 #上班""",,1,,回娘家
2,instagram,2025-07-13,"桃園捷運 Taoyuan Metro 在 Instagram: ""【初二行控不停歇🚦讓您安心回娘家！🫶】

📢各位準備 #回娘家 的乘客請注意！桃捷全年無休，今天 #大年初二 來「搭捷運返娘家」吧！但你知道嗎？營運捷運系統的娘家在哪裡呢？🤔

✅答案—就是整個「行控中心」！🏠

無論早晚，行控團隊都在幕後守護，監控和指揮列車和設備等運作，讓你能順利搭上列車，回到家人身邊共享天倫之樂！💪❤️

㊗️大家蛇年行大運，團圓幸福滿滿！回娘家一路順風！ 

#蛇年行大運🐍
#行控中心 #幕後守護💟
​#桃園捷運""",,1,,回娘家
3,instagram,2025-07-13,"More 在 Instagram: ""【#More話題 婆媳關係變好5大招】婆媳關係變好是婚後不少人的重要課題之一，冬至將近又到一家人團聚吃飯的日子，假如婆媳關係不佳，相處上又有些不順的話，更要好好把握機會處理解決並改善關係。常有人道：「女人何苦為難女人呢？」無論你是身為人妻還是人母，只要學會以下好新抱/好奶奶5大技，婆媳關係親如母女不是夢！
.
新抱奶奶必學婆媳關係變好5大招！
女性一生中的角色一直不段地轉變，從女孩長大成為女人，婚後成為妻子，並且也多了夫家媳婦的身份，而懷孕後成為媽媽，孩子長大後與另一伴步入婚姻，自己也會成為別人的婆婆。自古以來，婆媳之間的相處之道，一直是許多女性婚後最大的課題，如果你最近剛當上奶奶/媳婦，或是平時婆媳相處上有些不順，不妨參考以下介紹的5要點，幫助你婆媳關係變好。
.
婆媳衝突最大的問題，可能是在未認識對方以前就先入為主，將對方貼上標籤。但挑起不必要的競爭，恐怕會讓在場的人覺得尷尬，尤其兒子或老公會更為難。身為奶奶，應該讓兒子自己和老婆處理他們之間的事情，放手並抱持信賴關係，立下隔代相處的典範。而身為媳婦也不能單方面一直順從，要讓她知道你的意見及底線，不然二人之間的問題不在沉默中爆發，就在沉默中滅亡。
.
婆媳關係變好秘技1. 多認識、多讚美、多感謝她
既然已經成為一家人了，請放寬心地好好認識她，建議可以從彼此共同的興趣作為話題開始聊天或研究，像是她的興趣、喜歡或討厭的東西等等，讓彼此有更多連結，這樣往後相處起來就更容易了，比起婆婆跟媳婦的關係，更像是朋友或甚至是母女的情誼。而當你去了解和發現她的優點時，請不要吝嗇於讚美對方。另外，家族之間談話或聚餐時，奶奶別置媳婦於局外，可以主動邀請她一起參與，這會讓她有被接納和關心的感覺，而媳婦亦應順勢加入奶奶的對話之中，多增進二人感情。冬至時，不妨好好嘗試一下！
.
婆媳關係變好秘技2. 不強求對方符合期待
有的奶奶會對媳婦用自己教孩子的方式教導她，但這樣並不好，因為她與您的兒子一樣都有來自原生家庭的價值觀及生活經驗，那是她今天的個性和價值觀的基礎，同時也可能是你兒子喜歡上她的原因，只要你願意花一段時間跟她相處，相信你會在她身上看到更多好的一面。同時，身份奶奶也需要接受跟兒子關係的轉變，因為他不再在你的監護權下了，他是扛起一個家庭的男人，也是他妻子的丈夫，做父母的應相信他和他的老婆，放手讓他們去做好每一項決定，別再為孩子處理所有事。
.
媳婦亦一樣，有些婚後或會比較奶奶與媽媽的性格，並期望奶奶能待自己如親女兒一樣，但凡事不能急進，想建立親厚情誼總需要時間。我們常常會把自己的理想套在別人身上，但這有些不切實際且自私，雖然對奶奶/媳婦會有許多期待，但選擇仍在於對方，我們無法強迫別人符合自己的期待。
.
婆媳關係變好秘技3. 不批評
要成為人見人愛的奶奶/媳婦，就應避免在自己兒子或眾人面前大肆批評對方，否則恐怕只會造成彼此有更大的隔閡。很多時候，並沒有所謂的對錯之分，因為身在不同的立場及時代背景，有不同的觀點，僅此而已。只要我們把眼光放遠，懂得檢討自己，相信你們的關係可以更加親近。
.
婆媳關係變好秘技4. 不擅給建議
面對婆媳之間的衝突，請不要習慣讓兒子/老公做你們溝通的橋樑，更不應叫他選邊站。家人應該以愛相互扶持，而不是視之為敵。同樣的，當夫妻在吵架時，身為父母大可不必「參一腳」，讓夫妻自己解決正是長輩能做的最好配合，事實上，他們並不需你的建議，讓孩子自己去親身經歷，等他們向你請教再提出看法也不遲。另外，若要送奶奶/媳婦禮物，建議送她會喜歡的東西，或是送給媽媽/兒子差不多的禮物，避免讓她因差別待遇而難過，更會讓她暖在心頭，加倍感動！
.
婆媳關係變好秘技5. 不宜過度介入夫妻生活
樂於助人當然是好事，但過度的介入卻終會帶來反效果。這點特別適用於身為長輩的奶奶，請留意你的熱心是幫助兒子及媳婦，而不是徒增他們的困擾，要知道，夫妻已經是成人，他們有能力組織家庭、教育小孩，所以切勿奪去其做為爸爸媽媽的天職和責任。如果婆婆要釋出關心，你可以透過詢問其近況，但不用挖出細節，原則上只要讓夫妻知道您願意幫助即可，並盡可能不干涉他們的家庭時光。有的媽媽不懂拿捏與兒子的界線，她可能會無預警地出現在孩子的家、期待參與在孩子家庭中的每個聚餐及社交場合，這都是不建議的，因為孩子有他自己的家庭生活，提醒父母們要多給彼此空間。
.
說到底想要婆媳關係變好需要雙方面付出，有時候第三者介入反而會弄巧成拙。而且每位奶奶又何嘗不是由媳婦熬成婆，媳婦的難處相信沒有人比奶奶更清楚，只要真心為對方付出，冰山總有融化的一天，一起過一個暖暖的冬至吧！
.
撰文：黎佳燊
醫學審稿：賴建翰醫師
圖片來源：劇照、photoAC
本文由Hello醫師授權提供，撰文為黎佳燊，賴建翰醫師醫學審稿。原文標題為《好婆婆必知：婆媳相處之道謹記4要點》，未經同意禁止轉載。如有任何問題，請即與本刊聯絡。
.
請Follow @sundaymore_ 看女生話題💖
#morehk #sundaymore #婆媳關係 #新抱 #奶奶 #相處 #結婚 #生活 #小編H""",,1,,婆媳關係
4,instagram,2025-07-13,"㛄妍🖤 芯妍植國際美學·高雄髮際線紋髮專家·育髮專門·還原乳暈粉嫩·國內外授課在 Instagram: ""大年初二🧧回娘家

#大年初二 #初二 #回娘家 #新年快樂 #2025""",,1,,回娘家
6,instagram,2025-07-13,"金媽媽的秘密日記在 Instagram: ""只有夫妻關係 是不是會再簡單一點呢？
最近的文章中
有一位媽媽留言說
帶小孩的生活
如果沒有外人
會更好

我們自己身為媽媽
我們也明白
婆婆是老公的媽媽
那種感覺真的好微妙

將來的我們
會變成怎麼樣的婆婆
怎麼樣的岳母呢？

你的兒子是寶
我們也是自己父母的寶
夫妻關係中
兩個人都覺得好就好了吧？

真的不適合
再有其他人代為發言了

#金媽媽_陪伴媽媽 
#婆婆 #婆媳 #婆媳關係 #家庭 #婆家#結婚 #婚姻生活 #夫妻 #夫妻關係 #生小孩 #育兒 #懷孕""",,1,,婆媳關係
7,instagram,2025-07-13,"Lara Liao 在 Instagram: ""happy Chinese New Year /
：媽～我以後嫁去別人家可以來幫我煮年夜飯嗎😗💕
#chinesenewyear
#homomscooking""",,1,,煮年夜飯
9,instagram,2025-07-13,"駁二派對㍿在 Instagram: ""🜸🜸🜸 2025駁二小夜埕 餐飲品牌介紹 🜸🜸🜸
​
過年吃吃喝喝絕對是少不了的，
今年哪些品牌要放入必吃名單呢？
派編推薦絕對是都要來一份的啦～～
​
ꤠ 貳春Smoothie
一對小夫妻為了迎接寶寶，改賣自己喜愛的飲品，堅持使用純天然食材，不添加任何加工食品，讓顧客安心飲用。
🏮地瓜冰沙
用地瓜冰沙來迎接返鄉團圓的日子。
♻️使用環保杯：增量。
​
ꤠ 迷因炸雞 MEME CHK
「迷因炸雞 MEME CHK」是南台灣首台偉士牌行動餐車，由五星飯店主廚研發，以中式炸法結合法式醬汁，創造獨特且精緻的炸雞風味。
🏮大雞大利蛇麼都順
以橙汁為基底製作法式白蘭地橙汁醬，搭配迷因炸雞，帶來酸甜解膩又帶有童趣的滋味。
♻️自備環保容器：份量大增。
​
ꤠ c.p.dessert
甜點的癮，讓人難以抗拒。食品檢驗出身的甜點師，以專業知識嚴格把關食安，手工製作安心又幸福的甜點。
♻️自備環保杯：飲品折價5元。
​
ꤠ 陶乃喝Taonai Drinks
「陶乃喝Taonai Drinks」是兩對夫妻共同創立的品牌，以陶罐烤製源自雲南的特色飲品「罐罐烤奶」，傳遞溫暖的圍爐氛圍。
♻️自備環保杯：飲品折價5元。
​
ꤠ 職人手作餃研究所
我們使用天然食材，絕不添加化學原料，以薄皮麵皮取代傳統厚重麵皮，讓顧客品嚐皮薄餡多的美味。
🏮起(嘶~)焗烤餃
餃子形如元寶，人們在過年吃餃子取“招財進寶”，我們又將剛出爐的煎餃，放上起司絲送入烤箱，待出爐後就是起(嘶~)焗烤餃，取其蛇吐舌音和含義就是讓您吃了蛇年招財進寶，
♻️自備餐具：增量。
​
ꤠ 悅庭楠舍
我們是販售傳統鹹食小點的品牌，一口小煎包以半水半油方式烹調，外皮柔軟底部酥脆，內餡包含高麗菜和豬絞肉，並推出芥末椒鹽、麻辣拌、章魚燒和大阪燒等多種創新口味。豬血糕也以傳統手工製作，除了花生口味外，還有打拋豬肉和泡菜豬肉口味。
🏮麻辣拌口味小煎包
紅色的麻辣拌醬就像過年喜慶的氣息，上面的蔥花就像代表春天來臨一樣，加在旁邊的醃牛蒡絲一條一條的，就像象徵蛇年一樣的代表。
♻️自備環保餐具：購買商品折價5元。
​
ꤠ 小俠愛吃沙威瑪
小俠是闆娘兒子的名字，我們以復古三輪餐車，提供各式異國風味沙威瑪，帶來視覺和味覺的雙重享受。
♻️自備餐具：折5元。
​
ꤠ 阿楽章魚燒
我們以獨特的台式與日式料理結合為主打，將台式章魚燒外皮，加入青蔥、紅薑與日本進口天婦羅碎，搭配自家配製的醬汁，帶來獨特風味。
🏮爽爆起司/炙燒焦糖鮭魚
第一款爽爆起司淋上超濃起司醬及帕瑪森起司；第二款炙燒焦糖鮭魚以煙燻鮭魚撒上二砂糖炙燒，香氣四溢。
♻️自備環保餐盒：多一顆章魚燒。
​
ꤠ 嗷逗燒
嗷逗燒是由兩位露營愛好者經營的戶外風格點心品牌，以露營裝備佈置攤位。產品外表像雞蛋糕，口感像脆皮麻吉燒，外酥內Q彈，並提供多種淋醬口味。
🏮嗷逗燒-檸檬白巧
酸甜檸檬風味白巧克力淋醬，灑上繽紛棉花糖，增添過年色彩。
♻️自備環保餐盒：折抵餐費10元。
​
ꤠ 鍾府_甘草芭樂
以創新方式呈現傳統水果小吃，讓大家吃得營養又健康，無負擔。
♻️自備環保餐盒：芭樂加量。
​
​
#回娘家 #駁二小夜埕 #最熟悉的味道
-----------------------------------------------
◤ ​ 2025駁二小夜埕 #團圓FUN ​ ◢
▩ 日期：2025.01.29-02.02
▩ 時間：14:00-22:00 / 最後一日-20:00
▩ 地點：駁二藝術特區 大勇區駁遊路 / 大義區紅磚廊道""",,1,,回娘家
10,instagram,2025-07-13,"Ada Chen 在 Instagram: ""🐍年行大運🧧
初二 。回娘家
吃不停玩不停賭不停

二妹刮2000中5000旺旺旺
打麻將大家一直連一直連😆

#初二#回娘家#玩不停#好吃好玩#蛇年大吉""",,1,,回娘家
11,instagram,2025-07-13,"劉妮可在 Instagram: ""#放假甜點日🥰

那天休假帶荃回娘家就順路去竹南 #壯汗手作甜點 買點心 @strongman_sweating
蛋糕好吃，布丁好吃，泡芙更好吃😋
很妙的是，只有外用區沒有內用區！但還是很好拍呀❤️
雖然很久沒帶荃跑咖了，
但他已經被媽媽訓練成可以瞬間轉換拍照模式🤣
還可以當媽媽的小小攝影師🫶
當然，不能拍太久……少爺還是有極限的😅
／
／
／
#20250608
#竹南甜點
#回娘家
#母子約會日""",,1,,回娘家
12,instagram,2025-07-13,"𝑨𝒏 𝑨𝒑𝒓𝒊𝒍 𝒂 𝒅𝒂𝒚, 𝒌𝒊𝒅𝒔 𝒉𝒂𝒑𝒑𝒚 𝒆𝒗𝒆𝒓𝒚𝒅𝒂𝒚! 在 Instagram‎: ""記得第一次去凱哥家吃飯
我就被凱哥媽媽煮的菜震驚
因為凱哥一家都超愛吃辣
每道菜不管是滷的炸的炒的，
凱哥媽都一定會加上一大匙辣椒
看著每道紅通通的菜，不吃辣的我心想完了…
但為了讓凱哥媽媽有好印象！！(*•̀ㅂ•́)و
即使我當時已經辣到嘴唇紅腫，
我還是硬要擠出一句話對他媽說：

「阿姨你煮的菜實在太好吃了！！」
然後一邊擤著鼻涕一邊狂灌水，含淚吃完那頓飯。

過沒幾天，凱哥又說要帶我回家吃飯，有了第一次經驗，我這次自己準備了一大包衛生紙擦鼻涕眼淚，還提前去超商買了一大罐的水備戰。

一到他家，坐上餐桌那一刻真的差點哭出來…

阿姨竟然為了我，把每道菜都特別分開炒，還把不辣的通通放在我的面前讓我好夾取，那一刻我才知道原來凱哥的細膩跟貼心，完全是來自他媽媽。

15年了，
從我跟凱哥相識，交往，結婚，
從「阿姨」叫到「婆婆」

15年了，
婆婆依然會在我每次回家吃飯時
特地幫我準備不辣的菜色放在我的面前

15年了，
吃完飯不讓我洗碗，家事也不讓我做，我的想法、決定，婆婆一直很尊重我，從不參與我們的生活，但需要幫忙照顧孩子時就會排除萬難盡可能的幫我們，一心只希望我們的小家庭能更好，每次看著婆婆一針一線的縫著要給Miru的髮帶、衣服、圍兜…眼神都充滿著愛，她總跟我們說，Miru是給她最好的禮物。

「有一個好婆婆，婚姻便成功了一大半」

至今我仍覺得我不是嫁給凱哥，我是嫁給了一個家庭，一個把我當家人的家庭。
/
/
/
#婆媳 #婆媳關係 #家庭 #家庭感情 #媽媽 #媽媽日常 #婚姻 #婚姻生活 #原生家庭 #祖孫情 #回家吃飯 #夫妻 #伴侶""‎",,1,,婆媳關係
13,instagram,2025-07-13,"狗ㄗㄞˇ子寵物沙龍在 Instagram: ""今天大年初二
是媳婦回娘家感受當女兒時候的呵護
充充電，再次出發
之後一切會更好

🐶Instagram: @dogchild_groomer
🐶官網：https://rink.cc/ta7qh
🐶粉專：https://rink.cc/w9m5b
🐶導航：https://rink.cc/xl4ie

#北投寵物美容 #北投寵物洗澡 #北投寵物推薦 #北投寵物寄宿 #北投寵物安親
#回娘家""",,1,,回娘家
14,instagram,2025-07-13,"戴詩芸在 Instagram: ""大年初2我們全家來拜年
大家新年快樂😆

初二瑞蛇納福
攜夫婿，回娘家
家人在旁，幸福在側，
歸寧闔家團聚，歡喜溫暖盛放❤️

#新年 #初2 #回娘家""",,1,,回娘家
15,instagram,2025-07-13,"哈利在 Instagram: ""巳巳如意蛇年快樂🐍
/
今年是主婦第一次煮年夜飯
挑戰了想很久的十香菜
也訂了想吃的年菜
順利完成任務✨
初一依舊是有清粥的早餐
再到廟裡走春
天氣大好真的是過年最開心的事""",,1,,煮年夜飯
17,instagram,2025-07-13,"奕庭醫檢師｜美型實驗室在 Instagram: ""我是嫁到了什麼人家
蘇先生是住在台灣的馬來西亞人
從跟蘇先生交往三年到結婚今年第二年
每年過年都回台南娘家住好住滿
我：明年我們計畫回馬來西亞過年ok？
蘇先生：我家有兩位姊姊可以回娘家，你出國就沒人回娘家陪媽媽了
我：……..躲廁所爆哭😭😭

和婆家人視訊
媽媽說沒化妝不好意思跟親家說
是不知道現在都有濾鏡？😆
公公：恭喜發財
我：紅包拿來
公公笑了一笑離開了鏡頭…..（應該是去準備紅包？？
大馬逆媳真的好幸福🥹
愛是雙向，也是傳承❤️

#蛇年 #回娘家 #大馬媳婦 #逆媳""",,1,,回娘家
18,instagram,2025-07-13,"Gwen Yang 在 Instagram: ""今年我們自己煮年夜飯
一家五口跟大家拜年🥰

㊗️大家新年快樂 🐍蛇麼都順""",,1,,煮年夜飯
21,instagram,2025-07-13,"洋誠國際OceanBaby 在 Instagram: ""可以嫁了！ 假如你的婆婆是這三個星座
只能說上輩子有燒好香
快來看看是哪三個星座的婆婆
對待媳婦像是對待女兒一樣的疼愛吧！ 

第 3️⃣ 名：獅子婆婆 
獅子婆婆只要覺得這個媳婦很投緣，就會很照顧這個媳婦 
幫媳婦打理好很多事情，也是個相對有義氣的婆婆
但媳婦也要學會做面子哦！ 

第 2️⃣ 名：射手婆婆 
射手座婆婆重視的是媳婦的人品 
如果媳婦人品端正又好溝通 
他們其實也不愛管太多，她們樂意過自己的愜意日子

第 1️⃣ 名：雙魚婆婆 
雙魚座天生耳根子軟 
個性上又是容易感動的路線 
往往還滿可愛、滿喜歡接觸一些新的可愛的事物 
只要媳婦嘴甜會哄她們 
雙魚座也會是一個對媳婦疼愛有加的婆婆

喜歡小編的分享嗎？
歡迎按讚分享，或底下留言分享自己的經歷
或告訴小編您想看的主題哦！

我們是 #洋誠國際
#您最好的育兒知識夥伴
#天使婆婆  #好婆婆  #星座 #星座分析
#心理測驗 #最佳婆婆 #婆媳關係""",,1,,婆媳關係
22,instagram,2025-07-13,"ʚℬ𝑒𝒶𝓇ɞ🧸 在 Instagram: ""全家集合囉～～
.
.
工作以後大家各奔東西
很難有機會可以聚在一起
總是會有三缺一的時候
而新年是唯一可以全家集合的日子
很喜歡大家聚在一起的時候
不特別去哪裡
只是聊聊天
都覺得很開心很幸福
當然每年都要有的大合照也不能漏掉
祝新的一年我們都能開開心心的做自己想做的事

#全家福 #台南 #新年快樂 #我的複製人 #姊姊妹妹 #相聚時光 #開開心心 #吵吵鬧鬧 #大家庭 #回娘家 #走走逛逛 #吃吃喝喝""",,1,,回娘家
23,instagram,2025-07-13,"義光育幼院在 Instagram: ""【歡喜慶團圓-義光院友回娘家】 義光育幼院秉持公益服務的立院宗旨，致力於提供無依兒童及身心障礙者一個溫馨的家園，創辦至今，已走過六十七年頭，撫育成人的嬰幼兒童及身心障礙流浪兒超過四千多人。 1/18、1/25&1/29我們舉辦歡喜慶團圓-義光院友們回娘家領紅包及物資，大家熱熱鬧鬧話家常、互道恭喜與祝福，114年金蛇賀喜、平安健康、幸福發發發！

#義光育幼院 #回娘家 #慶團圓""",,1,,回娘家
26,instagram,2025-07-13,"張茂松 Maosong 在 Instagram: ""78歲老牧師的婚姻求生指南
馬上聽🎧 https://pse.is/3rt4k6
老公必學技能：老牧師的「婆媳神救援」+「肋骨守護學」

這集你會聽到：
1️⃣ 傳統與聖經的張力：
華人「嫁入夫家」觀念與聖經「二人成為一體」教導的衝突與挑戰。
長輩與兒女如何智慧地釐清代際界限，學習放手與基於愛的孝敬。
理解孝道沒有標準模式，避免情緒勒索，主動關懷父母需要。
2️⃣ 重塑夫妻角色：
丈夫從「祭物獻祭」到「肋骨守護」的角色轉變。
丈夫如何成為妻子的保護者、緩衝與橋樑，為妻子承擔「壞人」角色。
妻子如何成為丈夫的「幫助者」與「尊榮者」，滿足男人被仰慕的需求。
3️⃣ 經營愛的伊甸園：
夫妻共同努力，讓家成為上帝賜予的樂園。
學習用言語和行動表達愛意，給予對方需要的愛與尊榮。
接納並了解男女差異，化解衝突，增進親密關係。

適合這些人聽：
▫️ 渴望在傳統文化中建立符合聖經原則婚姻的基督徒夫妻。
▫️ 面臨婆媳、岳婿或原生家庭界線挑戰的已婚人士。
▫️ 希望更深入理解聖經婚姻與家庭觀的個人。

🎧 點擊收藏，讓這集成為你經營婚姻與家庭的實用指南❤️🩹
#基督徒婚姻 #聖經家庭觀 #婆媳關係 #夫妻關係 #代際界限
#podcasters #張茂松牧師  #張茂松開麥""",,1,,婆媳關係
28,instagram,2025-07-13,"林豊蒝在 Instagram: ""【今年依舊是我煮年夜飯】
中午跟家人提早吃團圓飯，晚上再跟老俞回他家吃團圓飯！八點就起來弄到中午十二點剛好開飯！滿滿一桌好菜色！
✅年夜飯菜單：
黃金蟲草雞湯
橙香排骨
干貝櫻花蝦米糕
五更腸旺
鮑魚佛跳牆
和牛炒芹菜
沙茶杏鮑菇
炸甜不辣
蠔油生菜
甘蔗雞
#小蒝與老俞 #平淡生活的日常
#2025年夜飯 #老俞很貼心""",,1,,煮年夜飯
29,instagram,2025-07-13,"趙秀慢在 Instagram: ""終於放年假啦！一路向南尋找好天氣🌞
歸心似箭只為...鄉愁💕

#回娘家""",,1,,回娘家
30,instagram,2025-07-13,"親子天下在 Instagram: ""#cw_人物說故事「孩子，如果倫理變成壓迫，親情變成綁架，你就應該是那個站起來大聲說「不」的人。」——#龍應台

我一直自認是一個講究事理邏輯、主張開放寬容的自由主義信仰者，但當兒子有了女朋友時，我發現自己只有一個感覺：和兒子之間，有了「小三」。

有次我去歐洲出差，幾乎半年沒和兒子見面，想約兒子到我的城市約會， 兒子卻說得帶著女朋友一起，「我知道這對你很不容易，但是你必須學習接受。要不就是我和她一起來，要不就是我也不來了。你決定。」兒子這麼說......↘️↘️

我在電話裡安靜了片刻。母獸受傷情緒一時調整不過來，想對著電話掉幾滴眼淚，但是對兒子的尊敬是油然而生的。傷心的同時我在想：是的，孩子，如果倫理變成壓迫，親情變成綁架，你就應該是那個站起來大聲說「不」的人。

🔸 「絕對不要做」的十件事

一、絕對不要對兒子說她的壞話；那是道德壞榜樣，而且，別以為他不會在枕頭上一一告訴她。

二、絕對不要指揮她怎麼帶孩子。孩子是她的。別忘了她也是全權母獸。

三、絕對不要事先不約就突然出現在他們家門口。你或許以為是驚喜，在她是驚嚇。

四、絕對不要在偶爾幫他們看小孩時「順便」移動他們的傢俱。女人和貓一樣，傢俱換位置會抓狂、得內傷。

五、絕對不要在家族聚會拍合照時對她揮手說，「你走開一下，這張只要原生家庭成員」。

六、絕對不要期待他們所有的假期都來你這裡過。因為，如果你是她媽，你會希望每次放假她都帶著你的兒子來你的家。

七、絕對不要說你兒子多好－－他的好與不好，難道她不知道嗎？你只不過在酸酸地暗示，她沒你兒子好。唉，何苦呢？

八、絕對不要給「金玉良言」。你喜歡過你婆婆的「金玉良言」嗎？

九、絕對不要認為她應該伺候你的兒子。如果你是她媽，你會希望她的男朋友伺候她，剝好蝦子光溜溜地一隻一隻送到她嘴裡。然後幫她洗盤子。

十、絕對不要問兒子：「如果我跟她都掉到水裡，你先救誰？」兒子若是誠實作答，你要傷心。
-
💬完整文章 #限時動態往上滑 ↘↘https://cplink.co/LicjQ8UL
-
📔本文摘自天下出版【天長地久：給美君的信】，未經授權請勿轉載。
-
📍追蹤親子天下👉🏼@cw_parenting，看更多精選故事！
-
#親子關係 #婆媳關係 #母子 #愛 #手寫 #手寫字 #寫字 #親子天下 #金句 #語錄""",,1,,婆媳關係
33,instagram,2025-07-13,"Dcard 大人女子會在 Instagram: ""#軸郎編の聊天室
（👆🏻婚後內幕都在這）

強將自己家的習俗套在媳婦上
實在令人受不了啊啊啊🤯

後續還有更多原 PO 超過癮的黑化故事😈
歡迎到 Dcard 搜尋原文標題觀看唷！
－
🍷追蹤 @dcard.lady 成為女子會會員
🍷加入最愛不錯過精華好文
－
原文搜尋【逆媳養成記（文長慎入）】
原文連結🔗 https://dcard.link/18yF81
－
#dcard #dcard大人女子會 #逆媳養成記文長慎入 #結婚 #婚姻 #婆婆 #老公 #婆媳關係 #婆媳問題 #相處 #神隊友 #結婚板 #dcard2019 #軸郎編""",,1,,婆媳關係
34,instagram,2025-07-13,"華信航空 Mandarin Airlines 在 Instagram: ""🧧 初二回娘家囉✈️
還在擔心回娘家的交通嗎？
初二不塞車 👋
華信每年都在這裡陪你~
當你最貼心的春節夥伴！🦸‍♂️
省去長途跋涉的疲憊
輕鬆回到心愛的家人身邊 🏠

動動手指填問卷~
🍀挑戰好運抽機票春遊趣~👇
https://www.surveycake.com/s/b4Byx

#華信航空 #mandarinairlines #國內航空 #抽機票 #回娘家""",,1,,回娘家
37,instagram,2025-07-13,"PopMama 波波媽咪兒在 Instagram: ""【婆媳問題怎麼解？】
人家常說當媳婦的早黑早享受，在公婆心中徹底黑掉就能夠一身輕，但也不是所有媳婦的處境都能夠說黑就黑啊！

媽咪編這就來一一解析婆媳常見問題，教你怎麼對婆婆換句話說！

-
想看更多夫妻感情，歡迎追蹤標籤👉#Popmama感情
-
👉 快來 @popmama_mag 分享你的育兒五四三， 在照片中標注或影片下方 #popmama 就有機會透過我們將你的照片或影片分享給大家♥️
-
#波波媽咪兒 #popmama #婆媳關係 #婆媳問題 #婆婆 #夫妻關係""",,1,,婆媳關係
40,instagram,2025-07-13,"張詩屏 ᴀʙʙʏ | 二寶媽在 Instagram: ""👵🏻
我的婆婆
不是一般的女人
她是比超人還要超人的女人
也是我想成為的其中一種女人

我沒經歷過的她 我不贅述
我自己成為媽媽後
完全佩服她以前的生活

我遇到的她
尊重我、理解我、關心我、幫助我
我們會一起找咖啡廳喝下午茶
會一起逛街、喝同一杯飲料
支持女性獨立自主權

在我懷咘咘時 可能面臨失業狀態
因荷爾蒙影響傷心到不行的時候
她霸氣的抱著我
「我們可以沒錢，但是要有骨氣」
「沒薪水沒關係，我們養得起妳」
支持我做任何決定

第一胎回家坐月子時
她上網爬文現在人坐月子的方式及餐點
我甚至比較喜歡我婆婆的月子餐

我們確診時
她辛苦的整理家裡
洗過所有床單被套枕頭套
費心思準備三餐、煮清冠
幫我們放在門口

常常為了不吃辣的我先炒不辣的菜
裝小盤後再加辣繼續炒
把我當女兒一樣買我喜歡吃的點心
幫我顧小孩讓我去上班

懷弟弟時看我太累
還會把咘咘帶走讓我休息一會
生了兩胎➕這次身體狀況開刀
要低碘飲食
都有她的悉心照料與心靈鼓勵

和🐟交往時我就說
我會嫁給你是因為你媽媽唷

因為她是我的超人婆婆:.ﾟ٩(๑˘ω˘๑)۶:.｡♡︎

#二寶 #二寶媽 #二寶媽的日常 #婆婆 

#好婆婆 #神隊友 #婆媳 #婆媳關係""",,1,,婆媳關係
41,instagram,2025-07-13,"蔡姐姐文理補習班 & 徐薇英文-清水茱莉亞旗艦校在 Instagram: ""畢業生回娘家 part ❶
你們的分享讓老師揪甘心💕
你們榮耀回饋是我們努力的動力✨
#歡迎回來 #❤️ 
-
#蔡姐姐文理補習班 #徐薇英文茱莉亞分校 #徐薇英文 
#回娘家 #國小 #國中 #英文 #國文 #數學 #自然 #理化 #社會""",,1,,回娘家
43,instagram,2025-07-13,"卓蘭葡萄公主農場•Princess Grapes Farm 在 Instagram: ""🍇114/01/05
我擔任 卓蘭馬補給站第1站
穿小禮服為跑友加油 請吃葡萄

🤤「（台)妳吃飽太閒喔」
鄰居老阿伯 邊説邊吃著我的葡萄
離開 還抓走一把葡萄説 ”嗯不錯吃”

🏃🏻‍♀️‍➡️114/11/02
一顆愛土地的心
打赤腳幫農到20歲的女孩 長大了
今年 帶著農友們的盼望
繼續 為跑友為卓蘭加油

⬇️報名 卓蘭馬(水果馬)
https://www.focusline.com.tw/251102EM 

#感謝支持台灣果農
#卓蘭水果之鄉國馬拉松
#回娘家
#助農助己
https://www.facebook.com/share/p/1BsCRnnkZ4/?mibextid=wwXIfr""",,1,,回娘家
46,instagram,2025-07-13,"宥在 Instagram: ""兔子
-
請勿檢舉
理性追v
車文慎入🔞
-
「」Ike說
“”你說
（）其他人說
-
你的名字叫遙
-
-
-
-
今天你們去了很多地方
拜訪遠房親戚 煮年夜飯 開車 等等的

你們都累壞了，一回家你就往床上倒
而Ike像個沒有靈魂的身體，漫無目的的進到了浴室洗澡

「我先去洗澡…」

你看著他的背影，想到了你在新年前買的兔子裝
你翻箱倒櫃，找到了藏在櫃子裡面的兔子裝

鮮豔的紅衣服 長又白耳朵 毛茸茸的兔尾巴
衣服底下還有小心機，陰部的部分會露出來
你看到不禁臉紅，身體越發熱，粗氣從你的口中吐出

「你在幹嘛」
熟悉的聲音自後面傳出，你猛然回首，看見半身裸露的Ike，下身隨意地用毛巾包住，腹肌顯現在你眼前

“我、我”

「這是新年禮物嗎？」

Ike由上往下的看著你，嘴角不自覺的挑起

他將你猛然抱起，你驚叫一聲，在他的身上瘋狂掙扎
他把你大力的丟在床上，拿起兔子裝丟在了床上

「穿上」

“什麼？”

「穿起來 不要逼我說第二遍」

Ike臉上掛著笑容，說出來的話卻是和笑容不搭的話語

你看著他的雙眼，抖了一下，還是乖乖拿起衣服穿在身上

Ike看見你脫下衣服，在穿上色情的服裝
底下的硬物越發腫大

「張開腿」

你緩緩將雙腿敞開
衣服底下有一個洞，讓你的陰部一覽無遺

冷風從窗戶吹了進來，讓你冷不防抖了一下
但是你的體溫卻遲遲沒有降下來，反而越來越熱

“呃嗯……”

在他的注視下，你的腰不自覺的搖了起來
撐著床的雙手顫抖著，淚光在你的眼角

「我都還沒動作，你就濕成這樣了？」

兩根手指頭進到了裡面，你揚起頭，全身不停的顫抖著

“因為你一直看著我…”

你的頭別像別處，不敢看著他的眼睛

「看著我」

「你真的，太騷了」
·
“哈額…唔唔…好舒服…”

Ike的手指在裡面逗弄著
手指都會故意往上按壓，裡面也隨著Ike的手顫抖著

Ike將手指抽出，空虛感馬上竄滿你的身體
裡面非常需要被好好的愛撫，但你遲遲不敢說出口

“哈額…”

你往後倒，將腿張得更開，眼睛注視著他

“進來，我要你……”

你人生第一次在Ike說出這麼羞恥的話

你說出口後，你就後悔了

眼前的愛人已在不是平常的他
現在是迫不及待要獵食兔子的猛獸

「你，不要太誇張」

他猛然插了進來，你疼的叫了一聲，腳也不自覺的緊閉

他抓住你的腳踝，大力抽插起來

“哈額！痛！”

你轉身，想要將體內的硬物退出來
但是Ike抓住你的腰，大力往前一頂，你的身體軟了下來

「今夜你可是我的獵物，不要跑，可愛的小兔子」
-
 兔子 𝒯𝒽𝑒 𝐸𝓃𝒹.
-
我努力了🫠
-
-
-
-
#ikeeveland #luxiem #luxiem乙女文 #同人 #同人文 #車文 #肉文 #肉文慎入""",,1,,煮年夜飯
49,instagram,2025-07-13,"Bruce💡 在 Instagram: ""#我婆婆 #我老公的媽
我最近Youtube搜尋婆媳關係
跑出一堆什麼婆媳關係很差啥的
拜託！！
我是不是應該來拍影片教大家
如何愛婆婆如何跟婆婆甜蜜蜜呢💕

#哺乳優格 #看最後一個影片
 #婆媳關係 #婆媳相處""",,1,,婆媳關係
51,instagram,2025-07-13,"01新聞在 Instagram: ""早前媒體爆出他的妻子是大8歲小提琴家末延麻裕子，女方家人並未否認家有喜事，不料婚姻僅105天就告終。連日來傳出新婚妻子無法融入夫家，且遭到奶奶無視，身為運動員之妻卻毫無用處。

***撳ig story睇詳情***

#羽生結弦 #末延麻裕子 #婆媳關係 #01國際 #01新聞 #香港01""",,1,,婆媳關係
53,instagram,2025-07-13,"國立臺灣歷史博物館 National Museum of Taiwan History 在 Instagram: ""傳統觀念素有「初二回娘家」的習俗，然而隨著時代演變，想要何時回家早已沒有太多禁忌，開心團聚最重要！

💡文物小檔案
名稱：謝招治《回娘家》
年代：2008
館藏號：2015.044.0036

繪者自撰圖說為：

「我和姐姐每年都陪母親回娘家看外婆，外婆看到我們來非常高興，一面招呼我們，一面叫舅媽拿用紅紙包的雞腿，和壓歲錢給我們，我們也向外婆家裡的長輩們說恭喜，還有紅包可以拿，中午還有豐盛的菜餚可以吃，我們小孩吃飽了就跑去和表姊妹玩，母親就和久別的親戚們閒話家常，到傍晚才回家。」

#臺史博 #國立臺灣歷史博物館 #臺灣人的口袋博物館 #NMTH #博物館

#臺灣民俗趣 #謝招治 #過年 #初二 #回娘家 #阿媽 #祖孫""",,1,,回娘家
54,instagram,2025-07-13,"駁二派對㍿在 Instagram: ""🜸🜸🜸 2025駁二小夜埕 懶人包 🜸🜸🜸
​
當派編把活動資訊都整理在一起，
DoReMiSo~~蛇麼都有懶人包就誕生啦，
趕快分享並把這篇存下來，
讓我們準備前往駁二小夜埕吧！
答應派編你們都會看完對吧( ๑‾̀◡‾́)✨
​
​
#回娘家 #駁二小夜埕 #最熟悉的味道
-----------------------------------------------
◤ ​ 2025駁二小夜埕 #團圓FUN ​ ◢
▩ 日期：2025.01.29-02.02
▩ 時間：14:00-22:00 / 最後一日-20:00
▩ 地點：駁二藝術特區 大勇區駁遊路 / 大義區紅磚廊道""",,1,,回娘家
55,instagram,2025-07-13,"高雄靈糧堂在 Instagram: ""🏮大年初二
新年第二天，傳統上是「回娘家」的日子。
大家可以在這個日子除了透過紅包以外，也可以透過擁抱、禮物、祝福禱告的方式來關心身旁的家人喔!
😍將你對他們滿滿的愛表達出來。
#大年初二 #回娘家 #新春祝福 #高雄靈糧堂""",,1,,回娘家
56,instagram,2025-07-13,"辣椒在 Instagram: ""#回娘家
今年家裡多了一個女婿
又多了一個小弟的伴侶
爸媽看起來很開心""",,1,,回娘家
57,instagram,2025-07-13,"Lee Tao Tao 在 Instagram: ""NPD就是你背上的鬼
你是不是也有這樣的感覺：
 
🔹明明很累，卻還在討好一個永遠不滿足的人？
🔹每次爭吵，最後你都莫名其妙地道歉？
🔹你變得越來越不像自己，卻還覺得是“愛”的代價？
 
⚠️ 警告：如果你正在經歷這些，你可能正在被一個“NPD”附身。
 
什麼是NPD？🧠
 
NPD，全稱自戀型人格障礙（Narcissistic Personality Disorder），是一種病態自戀。他們不是“普通愛自己”，而是：
 
🔪 用他人來滿足自己的虛榮
🔮 用操控和情緒勒索獲得控制感
🪞 把你當鏡子，只反射他們想看到的自己
 
最可怕的是——他們永遠不會覺得自己有問題。
 
NPD是怎麼附到你背上的？🕷️
 
1️⃣ 糖衣炮彈階段：
剛開始他像天使一樣愛你，懂你，捧你上天。你以為遇到了靈魂伴侶，其實你只是他“理想化”的投影。
 
2️⃣ 貶低與控制階段：
等你上鈎，他開始挑剔你、忽略你、羞辱你。你的自我開始被一點點侵蝕，而你還在拼命“修補關係”。
 
3️⃣ 丟棄階段：
你開始變得“沒價值”了。他可能會突然消失、出軌、冷暴力。你崩潰，而他已經在釣下一個人了。
 
☠️ 到這時，你已經被鬼纏身太久，連“自己是誰”都快忘了。
 
為什麼你擺脫不了？👁️‍🗨️
 
被NPD傷害的人，就像中了邪：
 
🔸 情感成癮：他時冷時熱，你的大腦已經形成依賴機制；
🔸 自我懷疑：你開始覺得問題都在自己身上；
🔸 精神綁架：你怕他崩潰、怕他不愛你、怕沒人理解他。
 
而這一切，正是NPD精心編織的網。
 
怎麼驅鬼？🔥
 
1️⃣ 認清：
不是你“太敏感”，不是你“太情緒化”。是他的問題。
 
2️⃣ 斷聯：
不要幻想他會變好。NPD幾乎不改變，因為他們看不見別人的痛。
 
3️⃣ 重建自我：
重新認識自己、照顧自己的情緒，甚至可以求助專業心理咨詢。你不是脆弱，而是太久沒被好好對待。
 
4️⃣ 記住：
真正愛你的人，不會讓你覺得自己“哪裡都不對”。
 
最後一句話 🕯️
 
NPD不是愛你，是附在你背上的鬼。
想自由，就得敢於轉身面對那個鬼，並親手驅逐它。
 
願你在黑夜裡不再獨行，
願你把那個永遠說你不夠好的人，
送回他該去的地方——自己深不見底的空殼里。
 
� #NPD � � #npd � � #自戀型人格障礙 � � #家庭矛盾 � � #家庭關係 � � #內耗 � � #夫妻關係 � � #婆媳關係 � � #母女關係""",,1,,婆媳關係
